-- MySQL dump 10.13  Distrib 8.0.19, for Win64 (x86_64)
--
-- Host: localhost    Database: classicmodels
-- ------------------------------------------------------
-- Server version	5.7.33

/*!40101 SET @OLD_CHARACTER_SET_CLIENT=@@CHARACTER_SET_CLIENT */;
/*!40101 SET @OLD_CHARACTER_SET_RESULTS=@@CHARACTER_SET_RESULTS */;
/*!40101 SET @OLD_COLLATION_CONNECTION=@@COLLATION_CONNECTION */;
/*!50503 SET NAMES utf8 */;
/*!40103 SET @OLD_TIME_ZONE=@@TIME_ZONE */;
/*!40103 SET TIME_ZONE='+00:00' */;
/*!40014 SET @OLD_UNIQUE_CHECKS=@@UNIQUE_CHECKS, UNIQUE_CHECKS=0 */;
/*!40014 SET @OLD_FOREIGN_KEY_CHECKS=@@FOREIGN_KEY_CHECKS, FOREIGN_KEY_CHECKS=0 */;
/*!40101 SET @OLD_SQL_MODE=@@SQL_MODE, SQL_MODE='NO_AUTO_VALUE_ON_ZERO' */;
/*!40111 SET @OLD_SQL_NOTES=@@SQL_NOTES, SQL_NOTES=0 */;

--
-- Dumping data for table `offices`
--


INSERT INTO offices (office_code, address_line1, address_line2, city, country, phone, postal_code, state, territory) VALUES (1,'100 Market Street','Suite 300','San Francisco','USA','+1 650 219 4782','94080','CA','NA'),(2,'1550 Court Place','Suite 102','Boston','USA','+1 215 837 0825','02107','MA','NA'),(3,'523 East 53rd Street','apt. 5A','NYC','USA','+1 212 555 3000','10022','NY','NA'),(4,'43 Rue Jouffroy D`abbans',NULL,'Paris','France','+33 14 723 4404','75017',NULL,'EMEA'),(5,'4-1 Kioicho',NULL,'Tokyo','Japan','+81 33 224 5000','102-8578','Chiyoda-Ku','Japan'),(6,'5-11 Wentworth Avenue','Floor #2','Sydney','Australia','+61 2 9264 2451','NSW 2010',NULL,'APAC'),(7,'25 Old Broad Street','Level 7','London','UK','+44 20 7877 2041','EC2N 1HN',NULL,'EMEA');



INSERT INTO employees (employee_number, email, extension, first_name, job_title, last_name, office_code, reports_to) VALUES (1002,'dmurphy@classicmodelcars.com','x5800','Diane','President','Murphy',1,NULL),(1056,'mpatterso@classicmodelcars.com','x4611','Mary','VP Sales','Patterson',1,'1002'),(1076,'jfirrelli@classicmodelcars.com','x9273','Jeff','VP Marketing','Firrelli',1,'1002'),(1088,'wpatterson@classicmodelcars.com','x4871','William','Sales Manager (APAC)','Patterson',6,'1056'),(1102,'gbondur@classicmodelcars.com','x5408','Gerard','Sale Manager (EMEA)','Bondur',4,'1056'),(1143,'abow@classicmodelcars.com','x5428','Anthony','Sales Manager (NA)','Bow',1,'1056'),(1165,'ljennings@classicmodelcars.com','x3291','Leslie','Sales Rep','Jennings',1,'1143'),(1166,'lthompson@classicmodelcars.com','x4065','Leslie','Sales Rep','Thompson',1,'1143'),(1188,'jfirrelli@classicmodelcars.com','x2173','Julie','Sales Rep','Firrelli',2,'1143'),(1216,'spatterson@classicmodelcars.com','x4334','Steve','Sales Rep','Patterson',2,'1143'),(1286,'ftseng@classicmodelcars.com','x2248','Foon Yue','Sales Rep','Tseng',3,'1143'),(1323,'gvanauf@classicmodelcars.com','x4102','George','Sales Rep','Vanauf',3,'1143'),(1337,'lbondur@classicmodelcars.com','x6493','Loui','Sales Rep','Bondur',4,'1102'),(1370,'ghernande@classicmodelcars.com','x2028','Gerard','Sales Rep','Hernandez',4,'1102'),(1401,'pcastillo@classicmodelcars.com','x2759','Pamela','Sales Rep','Castillo',4,'1102'),(1501,'lbott@classicmodelcars.com','x2311','Larry','Sales Rep','Bott',7,'1102'),(1504,'bjones@classicmodelcars.com','x102','Barry','Sales Rep','Jones',7,'1102'),(1611,'afixter@classicmodelcars.com','x101','Andy','Sales Rep','Fixter',6,'1088'),(1612,'pmarsh@classicmodelcars.com','x102','Peter','Sales Rep','Marsh',6,'1088'),(1619,'tking@classicmodelcars.com','x103','Tom','Sales Rep','King',6,'1088'),(1621,'mnishi@classicmodelcars.com','x101','Mami','Sales Rep','Nishi',5,'1056'),(1625,'ykato@classicmodelcars.com','x102','Yoshimi','Sales Rep','Kato',5,'1621'),(1702,'mgerard@classicmodelcars.com','x2312','Martin','Sales Rep','Gerard',4,'1102');


--
-- Dumping data for table `customers`
--


INSERT INTO customers (customer_number, address_line1, address_line2, city, contact_first_name, contact_last_name, country, credit_limit, customer_name, phone, postal_code, sales_rep_employee_number, state) VALUES (103,'54, rue Royale',NULL,'Nantes','Carine ','Schmitt','France',21000,'Atelier graphique','40.32.2555','44000',1370,NULL),(112,'8489 Strong St.',NULL,'Las Vegas','Jean','King','USA',71800,'Signal Gift Stores','7025551838','83030',1166,'NV'),(114,'636 St Kilda Road','Level 3','Melbourne','Peter','Ferguson','Australia',117300,'Australian Collectors, Co.','03 9520 4555','3004',1611,'Victoria'),(119,'67, rue des Cinquante Otages',NULL,'Nantes','Janine ','Labrune','France',118200,'La Rochelle Gifts','40.67.8555','44000',1370,NULL),(121,'Erling Skakkes gate 78',NULL,'Stavern','Jonas ','Bergulfsen','Norway',81700,'Baane Mini Imports','07-98 9555','4110',1504,NULL),(124,'5677 Strong St.',NULL,'San Rafael','Susan','Nelson','USA',210500,'Mini Gifts Distributors Ltd.','4155551450','97562',1165,'CA'),(125,'ul. Filtrowa 68',NULL,'Warszawa','Zbyszek ','Piestrzeniewicz','Poland',0,'Havel & Zbyszek Co','(26) 642-7555','01-012',1504,NULL),(128,'Lyonerstr. 34',NULL,'Frankfurt','Roland','Keitel','Germany',59700,'Blauer See Auto, Co.','+49 69 66 90 2555','60528',1504,NULL),(129,'5557 North Pendale Street',NULL,'San Francisco','Julie','Murphy','USA',64600,'Mini Wheels Co.','6505555787','94217',1165,'CA'),(131,'897 Long Airport Avenue',NULL,'NYC','Kwai','Lee','USA',114900,'Land of Toys Inc.','2125557818','10022',1323,'NY'),(141,'C/ Moralzarzal, 86',NULL,'Madrid','Diego ','Freyre','Spain',227600,'Euro+ Shopping Channel','(91) 555 94 44','28034',1370,NULL),(144,'Berguvsvägen  8',NULL,'Luleå','Christina ','Berglund','Sweden',53100,'Volvo Model Replicas, Co','0921-12 3555','S-958 22',1504,NULL),(145,'Vinbæltet 34',NULL,'Kobenhavn','Jytte ','Petersen','Denmark',83400,'Danish Wholesale Imports','31 12 3555','1734',1401,NULL),(146,'2, rue du Commerce',NULL,'Lyon','Mary ','Saveley','France',123900,'Saveley & Henriot, Co.','78.32.5555','69004',1337,NULL),(148,'Bronz Sok.','Bronz Apt. 3/6 Tesvikiye','Singapore','Eric','Natividad','Singapore',103800,'Dragon Souveniers, Ltd.','+65 221 7555','079903',1621,NULL),(151,'4092 Furth Circle','Suite 400','NYC','Jeff','Young','USA',138500,'Muscle Machine Inc','2125557413','10022',1286,'NY'),(157,'7586 Pompton St.',NULL,'Allentown','Kelvin','Leong','USA',100600,'Diecast Classics Inc.','2155551555','70267',1216,'PA'),(161,'9408 Furth Circle',NULL,'Burlingame','Juri','Hashimoto','USA',84600,'Technics Stores Inc.','6505556809','94217',1165,'CA'),(166,'106 Linden Road Sandown','2nd Floor','Singapore','Wendy','Victorino','Singapore',97900,'Handji Gifts& Co','+65 224 1555','069045',1612,NULL),(167,'Brehmen St. 121','PR 334 Sentrum','Bergen','Veysel','Oeztan','Norway  ',96800,'Herkku Gifts','+47 2267 3215','N 5804',1504,NULL),(168,'149 Spinnaker Dr.','Suite 101','New Haven','Keith','Franco','USA',0,'American Souvenirs Inc','2035557845','97823',1286,'CT'),(169,'Estrada da saúde n. 58',NULL,'Lisboa','Isabel ','de Castro','Portugal',0,'Porto Imports Co.','(1) 356-5555','1756',1504,NULL),(171,'184, chaussée de Tournai',NULL,'Lille','Martine ','Rancé','France',82900,'Daedalus Designs Imports','20.16.1555','59000',1370,NULL),(172,'265, boulevard Charonne',NULL,'Paris','Marie','Bertrand','France',84300,'La Corne D`abondance, Co.','(1) 42.34.2555','75012',1337,NULL),(173,'4658 Baden Av.',NULL,'Cambridge','Jerry','Tseng','USA',43400,'Cambridge Collectables Co.','6175555555','51247',1188,'MA'),(175,'25593 South Bay Ln.',NULL,'Bridgewater','Julie','King','USA',84300,'Gift Depot Inc.','2035552570','97562',1323,'CT'),(177,'1-6-20 Dojima',NULL,'Kita-ku','Mory','Kentary','Japan',81200,'Osaka Souveniers Co.','+81 06 6342 5555',' 530-0003',1621,'Osaka'),(181,'2678 Kingston Rd.','Suite 101','NYC','Michael','Frick','USA',76400,'Vitachrome Inc.','2125551500','10022',1286,'NY'),(186,'Keskuskatu 45',NULL,'Helsinki','Matti','Karttunen','Finland',96500,'Toys of Finland, Co.','90-224 8555','21240',1501,NULL),(187,'Fauntleroy Circus',NULL,'Manchester','Rachel','Ashworth','UK',136800,'AV Stores, Co.','(171) 555-1555','EC2 5NT',1501,NULL),(189,'25 Maiden Lane','Floor No. 4','Dublin','Dean','Cassidy','Ireland',69400,'Clover Collections, Co.','+353 1862 1555','2',1504,NULL),(198,'16780 Pompton St.',NULL,'Brickhaven','Leslie','Taylor','USA',23000,'Auto-Moto Classics Inc.','6175558428','58339',1216,'MA'),(201,'12, Berkeley Gardens Blvd',NULL,'Liverpool','Elizabeth','Devon','UK',92700,'UK Collectables, Ltd.','(171) 555-2282','WX1 6LT',1501,NULL),(202,'1900 Oak St.',NULL,'Vancouver','Yoshi ','Tamuri','Canada',90300,'Canadian Gift Exchange Network','(604) 555-3392','V3F 2K1',1323,'BC'),(204,'7635 Spinnaker Dr.',NULL,'Brickhaven','Miguel','Barajas','USA',68700,'Online Mini Collectables','6175557555','58339',1188,'MA'),(205,'78934 Hillside Dr.',NULL,'Pasadena','Julie','Young','USA',90700,'Toys4GrownUps.com','6265557265','90003',1166,'CA'),(206,'Suntec Tower Three','8 Temasek','Singapore','Brydey','Walker','Singapore',0,'Asian Shopping Network, Co','+612 9411 1555','038988',1504,NULL),(209,'24, place Kléber',NULL,'Strasbourg','Frédérique ','Citeaux','France',53800,'Mini Caravy','88.60.1555','67000',1370,NULL),(211,'Bank of China Tower','1 Garden Road','Central Hong Kong','Mike','Gao','Hong Kong',58600,'King Kong Collectables, Co.','+852 2251 1555',NULL,1621,NULL),(216,'Rambla de Cataluña, 23',NULL,'Barcelona','Eduardo ','Saavedra','Spain',60300,'Enaco Distributors','(93) 203 4555','08022',1702,NULL),(219,'4097 Douglas Av.',NULL,'Glendale','Mary','Young','USA',11000,'Boards & Toys Co.','3105552373','92561',1166,'CA'),(223,'Taucherstraße 10',NULL,'Cunewalde','Horst ','Kloss','Germany',0,'Natürlich Autos','0372-555188','01307',1504,NULL),(227,'Smagsloget 45',NULL,'Århus','Palle','Ibsen','Denmark',120800,'Heintze Collectables','86 21 3555','8200',1401,NULL),(233,'43 rue St. Laurent',NULL,'Montréal','Jean ','Fresnière','Canada',48700,'Québec Home Shopping Network','(514) 555-8054','H1J 1C3',1286,'Québec'),(237,'Gran Vía, 1',NULL,'Madrid','Alejandra ','Camino','Spain',0,'ANG Resellers','(91) 745 6555','28001',1504,NULL),(239,'361 Furth Circle',NULL,'San Diego','Valarie','Thompson','USA',105000,'Collectable Mini Designs Co.','7605558146','91217',1166,'CA'),(240,'Garden House','Crowther Way 23','Cowes','Helen ','Bennett','UK',93900,'giftsbymail.co.uk','(198) 555-8888','PO31 7PJ',1501,'Isle of Wight'),(242,'1 rue Alsace-Lorraine',NULL,'Toulouse','Annette ','Roulet','France',61100,'Alpha Cognac','61.77.6555','31000',1370,NULL),(247,'Magazinweg 7',NULL,'Frankfurt','Renate ','Messner','Germany',0,'Messner Shopping Network','069-0555984','60528',1504,NULL),(249,'Via Monte Bianco 34',NULL,'Torino','Paolo ','Accorti','Italy',113000,'Amica Models & Co.','011-4988555','10100',1401,NULL),(250,'27 rue du Colonel Pierre Avia',NULL,'Paris','Daniel','Da Silva','France',68100,'Lyon Souveniers','+33 1 46 62 7555','75508',1337,NULL),(256,'67, avenue de l`Europe',NULL,'Versailles','Daniel ','Tonini','France',77900,'Auto Associés & Cie.','30.59.8555','78000',1370,NULL),(259,'Mehrheimerstr. 369',NULL,'Köln','Henriette ','Pfalzheim','Germany',120400,'Toms Spezialitäten, Ltd','0221-5554327','50739',1504,NULL),(260,'23 Tsawassen Blvd.',NULL,'Tsawassen','Elizabeth ','Lincoln','Canada',89600,'Royal Canadian Collectables, Ltd.','(604) 555-4555','T2F 8M4',1323,'BC'),(273,'Berliner Platz 43',NULL,'München','Peter ','Franken','Germany',0,'Franken Gifts, Co','089-0877555','80805',1504,NULL),(276,'201 Miller Street','Level 15','North Sydney','Anna','O`Hara','Australia',107800,'Anna`s Decorations, Ltd','02 9936 8555','2060',1611,'NSW'),(278,'Via Ludovico il Moro 22',NULL,'Bergamo','Giovanni ','Rovelli','Italy',119600,'Rovelli Gifts','035-640555','24100',1401,NULL),(282,'Monitor Money Building','815 Pacific Hwy','Chatswood','Adrian','Huxley','Australia',93300,'Souveniers And Things Co.','+61 2 9495 8555','2067',1611,'NSW'),(286,'39323 Spinnaker Dr.',NULL,'Cambridge','Marta','Hernandez','USA',123700,'Marta`s Replicas Co.','6175558555','51247',1216,'MA'),(293,'Rte des Arsenaux 41 ',NULL,'Fribourg','Ed','Harrison','Switzerland',0,'BG&E Collectables','+41 26 425 50 01','1700',1504,NULL),(298,'Grenzacherweg 237',NULL,'Genève','Mihael','Holz','Switzerland',141300,'Vida Sport, Ltd','0897-034555','1203',1702,NULL),(299,'Drammensveien 126A','PB 211 Sentrum','Oslo','Jan','Klaeboe','Norway  ',95100,'Norway Gifts By Mail, Co.','+47 2212 1555','N 0106',1504,NULL),(303,'Kingsfordweg 151',NULL,'Amsterdam','Bradley','Schuyler','Netherlands',0,'Schuyler Imports','+31 20 491 9555','1043 GR',1504,NULL),(307,'Obere Str. 57',NULL,'Berlin','Mel','Andersen','Germany',0,'Der Hund Imports','030-0074555','12209',1504,NULL),(311,'Torikatu 38',NULL,'Oulu','Pirkko','Koskitalo','Finland',90500,'Oulu Toy Supplies, Inc.','981-443655','90110',1501,NULL),(314,'Rue Joseph-Bens 532',NULL,'Bruxelles','Catherine ','Dewey','Belgium',79900,'Petit Auto','(02) 5554 67','B-1180',1401,NULL),(319,'3758 North Pendale Street',NULL,'White Plains','Steve','Frick','USA',102700,'Mini Classics','9145554562','24067',1323,'NY'),(320,'4575 Hillside Dr.',NULL,'New Bedford','Wing','Huang','USA',94500,'Mini Creations Ltd.','5085559555','50553',1188,'MA'),(321,'7734 Strong St.',NULL,'San Francisco','Julie','Brown','USA',105000,'Corporate Gift Ideas Co.','6505551386','94217',1165,'CA'),(323,'162-164 Grafton Road','Level 2','Auckland  ','Mike','Graham','New Zealand',88000,'Down Under Souveniers, Inc','+64 9 312 5555',NULL,1612,NULL),(324,'35 King George',NULL,'London','Ann ','Brown','UK',77000,'Stylish Desk Decors, Co.','(171) 555-0297','WX3 6FW',1501,NULL),(328,'7476 Moss Rd.',NULL,'Newark','William','Brown','USA',43000,'Tekni Collectables Inc.','2015559350','94019',1323,'NJ'),(333,'31 Duncan St. West End',NULL,'South Brisbane','Ben','Calaghan','Australia',51600,'Australian Gift Network, Co','61-7-3844-6555','4101',1611,'Queensland'),(334,'Software Engineering Center','SEC Oy','Espoo','Kalle','Suominen','Finland',98800,'Suominen Souveniers','+358 9 8045 555','FIN-02271',1501,NULL),(335,'Maubelstr. 90',NULL,'Brandenburg','Philip ','Cramer','Germany',0,'Cramer Spezialitäten, Ltd','0555-09555','14776',1504,NULL),(339,'782 First Street',NULL,'Philadelphia','Francisca','Cervantes','USA',81100,'Classic Gift Ideas, Inc','2155554695','71270',1188,'PA'),(344,'Merchants House','27-30 Merchant`s Quay','Madrid','Jesus','Fernandez','Spain',59600,'CAF Imports','+34 913 728 555','28023',1702,NULL),(347,'6047 Douglas Av.',NULL,'Los Angeles','Brian','Chandler','USA',57700,'Men`R US Retailers, Ltd.','2155554369','91003',1166,'CA'),(348,'8 Johnstown Road',NULL,'Cork','Patricia ','McKenna','Ireland',0,'Asian Treasures, Inc.','2967 555',NULL,1504,'Co. Cork'),(350,'12, rue des Bouchers',NULL,'Marseille','Laurence ','Lebihan','France',65000,'Marseille Mini Autos','91.24.4555','13008',1337,NULL),(353,'59 rue de l`Abbaye',NULL,'Reims','Paul ','Henriot','France',81100,'Reims Collectables','26.47.1555','51100',1337,NULL),(356,'1250 Pretorius Street',NULL,'Hatfield','Armand','Kuger','South Africa',0,'SAR Distributors, Co','+27 21 550 3555','0028',1504,'Pretoria'),(357,'199 Great North Road',NULL,'Auckland','Wales','MacKinlay','New Zealand',77700,'GiftsForHim.com','64-9-3763555',NULL,1612,NULL),(361,'Luisenstr. 48',NULL,'Münster','Karin','Josephs','Germany',0,'Kommission Auto','0251-555259','44087',1504,NULL),(362,'8616 Spinnaker Dr.',NULL,'Boston','Juri','Yoshido','USA',41900,'Gifts4AllAges.com','6175559555','51003',1216,'MA'),(363,'2304 Long Airport Avenue',NULL,'Nashua','Dorothy','Young','USA',114200,'Online Diecast Creations Co.','6035558647','62005',1216,'NH'),(369,'Jardim das rosas n. 32',NULL,'Lisboa','Lino ','Rodriguez','Portugal',0,'Lisboa Souveniers, Inc','(1) 354-2555','1675',1504,NULL),(376,'Hauptstr. 29',NULL,'Bern','Braun','Urs','Switzerland',0,'Precious Collectables','0452-076555','3012',1702,NULL),(379,'7825 Douglas Av.',NULL,'Brickhaven','Allen','Nelson','USA',70700,'Collectables For Less Inc.','6175558555','58339',1188,'MA'),(381,'Boulevard Tirou, 255',NULL,'Charleroi','Pascale ','Cartrain','Belgium',23500,'Royale Belge','(071) 23 67 2555','B-6000',1401,NULL),(382,'Geislweg 14',NULL,'Salzburg','Georg ','Pipps','Austria',71700,'Salzburg Collectables','6562-9555','5020',1401,NULL),(385,'15 McCallum Street','NatWest Center #13-03','Makati City','Arnold','Cruz','Philippines',81500,'Cruz & Sons Co.','+63 2 555 3587','1227 MM',1621,NULL),(386,'Strada Provinciale 124',NULL,'Reggio Emilia','Maurizio ','Moroni','Italy',121400,'L`ordine Souveniers','0522-556555','42100',1401,NULL),(398,'2-2-8 Roppongi',NULL,'Minato-ku','Akiko','Shimamura','Japan',94400,'Tokyo Collectables, Ltd','+81 3 3584 0555','106-0032',1621,'Tokyo'),(406,'25, rue Lauriston',NULL,'Paris','Dominique','Perrier','France',95000,'Auto Canal+ Petit','(1) 47.55.6555','75016',1337,NULL),(409,'Adenauerallee 900',NULL,'Stuttgart','Rita ','Müller','Germany',0,'Stuttgart Collectable Exchange','0711-555361','70563',1504,NULL),(412,'101 Lambton Quay','Level 11','Wellington','Sarah','McRoy','New Zealand',86800,'Extreme Desk Decorations, Ltd','04 499 9555',NULL,1612,NULL),(415,'Hansastr. 15',NULL,'Munich','Michael','Donnermeyer','Germany',77000,'Bavarian Collectables Imports, Co.',' +49 89 61 08 9555','80686',1504,NULL),(424,'5905 Pompton St.','Suite 750','NYC','Maria','Hernandez','USA',67500,'Classic Legends Inc.','2125558493','10022',1286,'NY'),(443,'Heerstr. 22',NULL,'Leipzig','Alexander ','Feuer','Germany',0,'Feuer Online Stores, Inc','0342-555176','04179',1504,NULL),(447,'2440 Pompton St.',NULL,'Glendale','Dan','Lewis','USA',49700,'Gift Ideas Corp.','2035554407','97561',1323,'CT'),(448,'Åkergatan 24',NULL,'Bräcke','Martha','Larsson','Sweden',116400,'Scandinavian Gift Ideas','0695-34 6555','S-844 67',1504,NULL),(450,'3086 Ingle Ln.',NULL,'San Jose','Sue','Frick','USA',77600,'The Sharp Gifts Warehouse','4085553659','94217',1165,'CA'),(452,'Kirchgasse 6',NULL,'Graz','Roland ','Mendel','Austria',45300,'Mini Auto Werke','7675-3555','8010',1401,NULL),(455,'567 North Pendale Street',NULL,'New Haven','Leslie','Murphy','USA',95400,'Super Scale Inc.','2035559545','97823',1286,'CT'),(456,'5290 North Pendale Street','Suite 200','NYC','Yu','Choi','USA',39800,'Microscale Inc.','2125551957','10022',1286,'NY'),(458,'C/ Araquil, 67',NULL,'Madrid','Martín ','Sommer','Spain',104600,'Corrida Auto Replicas, Ltd','(91) 555 22 82','28023',1702,NULL),(459,'Walserweg 21',NULL,'Aachen','Sven ','Ottlieb','Germany',0,'Warburg Exchange','0241-039123','52066',1504,NULL),(462,'1785 First Street',NULL,'New Bedford','Violeta','Benitez','USA',85800,'FunGiftIdeas.com','5085552555','50553',1216,'MA'),(465,'c/ Gobelas, 19-1 Urb. La Florida',NULL,'Madrid','Carmen','Anton','Spain',0,'Anton Designs, Ltd.','+34 913 728555','28023',1504,NULL),(471,'7 Allen Street',NULL,'Glen Waverly','Sean','Clenahan','Australia',60300,'Australian Collectables, Ltd','61-9-3844-6555','3150',1611,'Victoria'),(473,'20093 Cologno Monzese','Alessandro Volta 16','Milan','Franco','Ricotti','Italy',34800,'Frau da Collezione','+39 022515555',NULL,1401,NULL),(475,'3675 Furth Circle',NULL,'Burbank','Steve','Thompson','USA',55400,'West Coast Collectables Co.','3105553722','94019',1166,'CA'),(477,'Forsterstr. 57',NULL,'Mannheim','Hanna ','Moos','Germany',0,'Mit Vergnügen & Co.','0621-08555','68306',1504,NULL),(480,'2 Pobedy Square',NULL,'Saint Petersburg','Alexander ','Semenov','Russia',0,'Kremlin Collectables, Co.','+7 812 293 0521','196143',1504,NULL),(481,'3 Hagalim Blv.',NULL,'Herzlia','Raanan','Altagar,G M','Israel',0,'Raanan Stores, Inc','+ 972 9 959 8555','47625',1504,NULL),(484,'C/ Romero, 33',NULL,'Sevilla','José Pedro ','Roel','Spain',65700,'Iberia Gift Imports, Corp.','(95) 555 82 82','41101',1702,NULL),(486,'11328 Douglas Av.',NULL,'Philadelphia','Rosa','Salazar','USA',72600,'Motor Mint Distributors Inc.','2155559857','71270',1323,'PA'),(487,'2793 Furth Circle',NULL,'Brisbane','Sue','Taylor','USA',60300,'Signal Collectibles Ltd.','4155554312','94217',1165,'CA'),(489,'120 Hanover Sq.',NULL,'London','Thomas ','Smith','UK',43300,'Double Decker Gift Stores, Ltd','(171) 555-7555','WA1 1DP',1501,NULL),(495,'6251 Ingle Ln.',NULL,'Boston','Valarie','Franco','USA',85100,'Diecast Collectables','6175552555','51003',1188,'MA'),(496,'Arenales 1938 3`A',NULL,'Auckland  ','Tony','Snowden','New Zealand',110000,'Kelly`s Gift Shop','+64 9 5555500',NULL,1612,NULL);

--
-- Dumping data for table `payments`
--


INSERT INTO payments (check_number, customer_number, amount, payment_date) VALUES ('AB661578',471,9415.13,'2004-07-28 00:00:00.000000'),('AD304085',299,36798.88,'2003-10-24 00:00:00.000000'),('AD832091',172,1960.8,'2004-09-09 00:00:00.000000'),('AE192287',186,23602.9,'2005-03-10 00:00:00.000000'),('AE215433',124,101244.59,'2005-03-05 00:00:00.000000'),('AF246722',344,31428.21,'2003-11-24 00:00:00.000000'),('AF40894',242,33818.34,'2003-11-22 00:00:00.000000'),('AG240323',357,20220.04,'2003-12-16 00:00:00.000000'),('AH612904',487,29997.09,'2003-09-28 00:00:00.000000'),('AJ478695',398,33967.73,'2005-02-14 00:00:00.000000'),('AJ574927',298,47375.92,'2004-03-13 00:00:00.000000'),('AK412714',186,37602.48,'2003-10-27 00:00:00.000000'),('AL493079',323,75020.13,'2005-05-23 00:00:00.000000'),('AM968797',187,52825.29,'2004-11-03 00:00:00.000000'),('AO757239',447,6631.36,'2003-09-15 00:00:00.000000'),('AP286625',339,23333.06,'2004-10-24 00:00:00.000000'),('AU364101',141,36251.03,'2003-07-19 00:00:00.000000'),('AU750837',177,15183.63,'2004-04-17 00:00:00.000000'),('BC726082',381,12081.52,'2004-12-03 00:00:00.000000'),('BF686658',151,58793.53,'2003-12-22 00:00:00.000000'),('BG255406',124,85410.87,'2004-08-28 00:00:00.000000'),('BG407567',216,3101.4,'2003-05-09 00:00:00.000000'),('BH167026',495,59265.14,'2003-12-26 00:00:00.000000'),('BI507030',148,44380.15,'2003-04-22 00:00:00.000000'),('BJ483870',278,37654.09,'2004-12-05 00:00:00.000000'),('BJ535230',211,45480.79,'2003-12-09 00:00:00.000000'),('BJMPR4545',406,12190.85,'2005-04-23 00:00:00.000000'),('BL66528',486,5899.38,'2004-04-14 00:00:00.000000'),('BN17870',219,3452.75,'2005-03-02 00:00:00.000000'),('BN347084',385,20644.24,'2003-12-02 00:00:00.000000'),('BO711618',189,17359.53,'2004-10-03 00:00:00.000000'),('BO864823',112,14191.12,'2004-12-17 00:00:00.000000'),('BOAF82044',209,35157.75,'2005-05-03 00:00:00.000000'),('BOFA23232',233,29070.38,'2005-05-20 00:00:00.000000'),('BQ327613',166,38785.48,'2004-09-16 00:00:00.000000'),('BQ39062',187,47159.11,'2004-12-08 00:00:00.000000'),('BQ602907',350,18888.31,'2004-12-11 00:00:00.000000'),('BR352384',161,2434.25,'2004-11-14 00:00:00.000000'),('BR478494',161,50743.65,'2003-11-18 00:00:00.000000'),('BR941480',219,4465.85,'2003-10-18 00:00:00.000000'),('CA762595',379,28322.83,'2005-02-12 00:00:00.000000'),('CC475233',381,1627.56,'2003-04-19 00:00:00.000000'),('CC871084',382,35826.33,'2003-05-12 00:00:00.000000'),('CE51751',172,51209.58,'2004-12-04 00:00:00.000000'),('CI381435',177,47177.59,'2004-01-19 00:00:00.000000'),('CI471510',350,50824.66,'2003-05-25 00:00:00.000000'),('CITI3434344',175,28500.78,'2005-05-19 00:00:00.000000'),('CL442705',131,22292.62,'2003-03-12 00:00:00.000000'),('CM564612',181,22602.36,'2004-04-25 00:00:00.000000'),('CN328545',145,4710.73,'2004-07-03 00:00:00.000000'),('CO351193',353,49705.52,'2005-01-10 00:00:00.000000'),('CO645196',471,35505.63,'2003-12-10 00:00:00.000000'),('CP804873',385,15822.84,'2004-11-19 00:00:00.000000'),('CQ287967',124,11044.3,'2003-04-11 00:00:00.000000'),('CS435306',334,45785.34,'2005-01-27 00:00:00.000000'),('CT821147',382,6419.84,'2004-08-01 00:00:00.000000'),('DA98827',339,34606.28,'2003-11-28 00:00:00.000000'),('DB583216',141,36140.38,'2004-11-01 00:00:00.000000'),('DB889831',121,50218.95,'2003-02-16 00:00:00.000000'),('DB933704',119,19501.82,'2004-11-14 00:00:00.000000'),('DC979307',166,44160.92,'2004-07-07 00:00:00.000000'),('DD635282',148,2611.84,'2004-08-11 00:00:00.000000'),('DD995006',458,33145.56,'2004-11-15 00:00:00.000000'),('DG336041',311,46770.52,'2005-02-15 00:00:00.000000'),('DG700707',347,21053.69,'2004-01-18 00:00:00.000000'),('DI925118',128,10549.01,'2003-01-28 00:00:00.000000'),('DJ15149',321,85559.12,'2003-11-03 00:00:00.000000'),('DL460618',141,46895.48,'2005-05-19 00:00:00.000000'),('DM826140',129,26248.78,'2004-12-08 00:00:00.000000'),('DO106109',386,38524.29,'2003-11-18 00:00:00.000000'),('DO787644',398,22037.91,'2004-06-21 00:00:00.000000'),('DP677013',201,23908.24,'2003-10-20 00:00:00.000000'),('DQ409197',324,13671.82,'2004-12-13 00:00:00.000000'),('DR578578',286,47411.33,'2004-10-28 00:00:00.000000'),('ED203908',462,30293.77,'2005-04-15 00:00:00.000000'),('ED39322',145,28211.7,'2004-04-26 00:00:00.000000'),('ED473873',452,27121.9,'2003-11-15 00:00:00.000000'),('ED520529',209,4632.31,'2004-06-21 00:00:00.000000'),('ED743615',167,12538.01,'2004-09-19 00:00:00.000000'),('ED878227',353,13920.26,'2003-07-21 00:00:00.000000'),('EF485824',450,59551.38,'2004-06-21 00:00:00.000000'),('EH208589',172,33383.14,'2003-04-20 00:00:00.000000'),('EK785462',385,51001.22,'2003-03-09 00:00:00.000000'),('EM979878',276,27083.78,'2005-02-09 00:00:00.000000'),('EN930356',328,7178.66,'2004-04-16 00:00:00.000000'),('EP227123',256,5759.42,'2004-02-10 00:00:00.000000'),('EQ12267',250,17928.09,'2005-05-17 00:00:00.000000'),('ER54537',415,31310.09,'2004-09-28 00:00:00.000000'),('ER615123',447,17032.29,'2003-06-25 00:00:00.000000'),('ES347491',323,37281.36,'2004-06-24 00:00:00.000000'),('ET64396',124,83598.04,'2005-04-16 00:00:00.000000'),('EU280955',259,61234.67,'2004-11-06 00:00:00.000000'),('EU531600',496,30253.75,'2005-05-25 00:00:00.000000'),('FA465482',128,24101.81,'2003-10-18 00:00:00.000000'),('FA728475',311,32723.04,'2003-10-06 00:00:00.000000'),('FD317790',121,1491.38,'2003-10-28 00:00:00.000000'),('FH668230',128,33820.62,'2004-03-24 00:00:00.000000'),('FI192930',198,9658.74,'2004-12-06 00:00:00.000000'),('FN155234',495,6276.6,'2004-05-14 00:00:00.000000'),('FN640986',452,15130.97,'2003-11-20 00:00:00.000000'),('FP170292',362,18473.71,'2004-07-11 00:00:00.000000'),('FP443161',324,29429.14,'2003-07-07 00:00:00.000000'),('FP549817',146,40978.53,'2004-03-18 00:00:00.000000'),('FR499138',379,32680.31,'2003-09-16 00:00:00.000000'),('FS299615',448,27966.54,'2005-04-18 00:00:00.000000'),('FU793410',146,49614.72,'2004-01-16 00:00:00.000000'),('GB117430',381,14379.9,'2005-02-03 00:00:00.000000'),('GB361972',259,27988.47,'2003-12-07 00:00:00.000000'),('GB852215',151,20314.44,'2004-07-26 00:00:00.000000'),('GB878038',171,18997.89,'2004-03-15 00:00:00.000000'),('GB890854',379,12530.51,'2004-08-02 00:00:00.000000'),('GC60330',462,9977.85,'2003-11-08 00:00:00.000000'),('GC697638',204,51152.86,'2004-08-13 00:00:00.000000'),('GG31455',114,45864.03,'2003-05-20 00:00:00.000000'),('GH197075',412,35034.57,'2004-07-25 00:00:00.000000'),('GJ597719',320,8307.28,'2005-01-18 00:00:00.000000'),('GJ715659',456,27550.51,'2004-11-13 00:00:00.000000'),('GK294076',484,3474.66,'2004-10-26 00:00:00.000000'),('GL756480',205,3879.96,'2003-12-04 00:00:00.000000'),('GN228846',167,85024.46,'2003-12-03 00:00:00.000000'),('GP545698',173,11843.45,'2004-05-13 00:00:00.000000'),('GP636783',278,52151.81,'2003-03-02 00:00:00.000000'),('GQ132144',181,5494.78,'2003-01-30 00:00:00.000000'),('GT878649',353,16700.47,'2003-05-21 00:00:00.000000'),('HA777606',455,38139.18,'2003-12-05 00:00:00.000000'),('HB150714',324,37455.77,'2003-11-23 00:00:00.000000'),('HD284647',250,26311.63,'2004-12-30 00:00:00.000000'),('HE84936',256,53116.99,'2004-10-22 00:00:00.000000'),('HG438769',386,51619.02,'2004-07-18 00:00:00.000000'),('HG635467',452,8807.12,'2005-05-03 00:00:00.000000'),('HG738664',323,2880,'2003-07-05 00:00:00.000000'),('HH517378',334,29716.86,'2003-08-16 00:00:00.000000'),('HI358554',202,36527.61,'2003-12-18 00:00:00.000000'),('HI366474',124,47142.7,'2004-12-27 00:00:00.000000'),('HI618861',157,35152.12,'2004-11-19 00:00:00.000000'),('HJ217687',406,49165.16,'2004-01-28 00:00:00.000000'),('HJ32686',141,59830.55,'2004-01-30 00:00:00.000000'),('HJ618252',353,46656.94,'2005-06-09 00:00:00.000000'),('HL209210',333,23936.53,'2003-11-15 00:00:00.000000'),('HL575273',363,50799.69,'2004-11-17 00:00:00.000000'),('HL685576',319,42339.76,'2004-11-06 00:00:00.000000'),('HN114306',250,23419.47,'2003-07-18 00:00:00.000000'),('HO576374',320,41016.75,'2003-08-20 00:00:00.000000'),('HQ336336',103,6066.78,'2004-10-19 00:00:00.000000'),('HQ55022',112,32641.98,'2003-06-06 00:00:00.000000'),('HQ920205',198,6036.96,'2003-07-06 00:00:00.000000'),('HR182688',145,20564.86,'2004-12-01 00:00:00.000000'),('HR224331',242,12432.32,'2005-06-03 00:00:00.000000'),('HR86578',124,55639.66,'2004-11-02 00:00:00.000000'),('HS86661',486,45994.07,'2004-11-23 00:00:00.000000'),('IA793562',282,24013.52,'2003-08-03 00:00:00.000000'),('ID10962',141,116208.4,'2004-12-31 00:00:00.000000'),('ID449593',129,23923.93,'2003-12-11 00:00:00.000000'),('IF245157',240,46788.14,'2004-11-16 00:00:00.000000'),('IG462397',173,20355.24,'2004-03-29 00:00:00.000000'),('II180006',233,22997.45,'2004-07-01 00:00:00.000000'),('IJ399820',249,33924.24,'2004-09-19 00:00:00.000000'),('IL104425',171,42783.81,'2003-11-22 00:00:00.000000'),('IN446258',141,65071.26,'2005-03-25 00:00:00.000000'),('IO164641',260,37527.58,'2004-08-30 00:00:00.000000'),('IO448913',175,24879.08,'2003-11-19 00:00:00.000000'),('IP383901',128,7466.32,'2004-11-18 00:00:00.000000'),('IP568906',151,58841.35,'2003-06-18 00:00:00.000000'),('IQ627690',202,33594.58,'2004-11-08 00:00:00.000000'),('IR662429',455,32239.47,'2004-05-12 00:00:00.000000'),('IR846303',144,36005.71,'2004-12-12 00:00:00.000000'),('IS150005',204,4424.4,'2004-09-24 00:00:00.000000'),('IS232033',363,10223.83,'2003-01-16 00:00:00.000000'),('IS946883',198,5858.56,'2004-09-21 00:00:00.000000'),('JB117768',486,25833.14,'2003-03-20 00:00:00.000000'),('JE105477',141,120166.58,'2005-03-18 00:00:00.000000'),('JG981190',233,16909.84,'2003-11-18 00:00:00.000000'),('JH546765',484,47513.19,'2003-11-29 00:00:00.000000'),('JJ246391',145,53959.21,'2003-02-20 00:00:00.000000'),('JK479662',333,9821.32,'2003-10-17 00:00:00.000000'),('JM555205',103,14571.44,'2003-06-05 00:00:00.000000'),('JN355280',141,49539.37,'2003-10-26 00:00:00.000000'),('JN722010',141,40206.2,'2003-02-25 00:00:00.000000'),('JO719695',240,24995.61,'2004-03-28 00:00:00.000000'),('JP113227',475,7678.25,'2003-12-09 00:00:00.000000'),('JPMR4544',398,615.45,'2005-05-18 00:00:00.000000'),('JT819493',282,35806.73,'2004-08-02 00:00:00.000000'),('KA602407',186,34341.08,'2004-10-21 00:00:00.000000'),('KB54275',398,48927.64,'2004-11-29 00:00:00.000000'),('KF480160',424,25505.98,'2004-12-07 00:00:00.000000'),('KG644125',161,12692.19,'2005-02-02 00:00:00.000000'),('KH910279',286,43134.04,'2004-09-05 00:00:00.000000'),('KI131716',124,111654.4,'2003-08-15 00:00:00.000000'),('KI744716',242,14232.7,'2003-07-21 00:00:00.000000'),('KI831359',121,17876.32,'2004-11-04 00:00:00.000000'),('KI884577',151,39964.63,'2004-12-14 00:00:00.000000'),('KL124726',187,48425.69,'2003-03-27 00:00:00.000000'),('KM172879',148,105743,'2003-12-26 00:00:00.000000'),('KM841847',276,38547.19,'2003-11-13 00:00:00.000000'),('KR822727',448,48809.9,'2004-09-30 00:00:00.000000'),('KT52578',141,63843.55,'2003-12-09 00:00:00.000000'),('LA318629',166,22474.17,'2004-02-28 00:00:00.000000'),('LA556321',321,46781.66,'2005-03-15 00:00:00.000000'),('LA685678',144,7674.94,'2003-04-09 00:00:00.000000'),('LE432182',276,41554.73,'2003-09-28 00:00:00.000000'),('LF217299',124,43369.3,'2004-03-26 00:00:00.000000'),('LF501133',298,61402,'2004-09-18 00:00:00.000000'),('LF737277',334,28394.54,'2004-05-22 00:00:00.000000'),('LG808674',347,20452.5,'2003-10-24 00:00:00.000000'),('LJ160635',146,39712.1,'2003-12-10 00:00:00.000000'),('LL427009',473,7612.06,'2004-02-17 00:00:00.000000'),('LL562733',205,50342.74,'2003-09-05 00:00:00.000000'),('LM271923',424,21665.98,'2003-04-16 00:00:00.000000'),('LN373447',119,47924.19,'2004-08-08 00:00:00.000000'),('LQ244073',314,45352.47,'2004-08-09 00:00:00.000000'),('MA302151',121,34638.14,'2004-11-28 00:00:00.000000'),('MA724562',131,50025.35,'2004-12-02 00:00:00.000000'),('MA765515',114,82261.22,'2004-12-15 00:00:00.000000'),('MB342426',496,32077.44,'2003-07-16 00:00:00.000000'),('MC46946',141,35420.74,'2004-07-09 00:00:00.000000'),('MD809704',314,16901.38,'2004-03-03 00:00:00.000000'),('ME497970',148,3516.04,'2005-03-27 00:00:00.000000'),('MF629602',141,20009.53,'2004-08-16 00:00:00.000000'),('ML780814',216,24945.21,'2004-12-06 00:00:00.000000'),('MM342086',216,40473.86,'2003-12-14 00:00:00.000000'),('MN89921',496,52166,'2004-12-31 00:00:00.000000'),('MO743231',456,1679.92,'2004-04-30 00:00:00.000000'),('MQ413968',227,36164.46,'2003-10-31 00:00:00.000000'),('MS154481',381,1128.2,'2003-08-22 00:00:00.000000'),('MU817160',320,52548.49,'2003-11-24 00:00:00.000000'),('NA197101',406,25080.96,'2004-06-17 00:00:00.000000'),('NA377824',458,22162.61,'2004-02-06 00:00:00.000000'),('NB291497',357,36442.34,'2004-05-15 00:00:00.000000'),('NB445135',131,35321.97,'2004-09-11 00:00:00.000000'),('ND748579',112,33347.88,'2004-08-20 00:00:00.000000'),('NE404084',249,48298.99,'2004-09-04 00:00:00.000000'),('NF959653',333,21432.31,'2005-03-01 00:00:00.000000'),('NG94694',119,49523.67,'2005-02-22 00:00:00.000000'),('NH776924',260,29284.42,'2004-04-24 00:00:00.000000'),('NI908214',161,38675.13,'2003-08-05 00:00:00.000000'),('NI983021',278,37723.79,'2003-11-24 00:00:00.000000'),('NJ906924',344,15322.93,'2004-04-02 00:00:00.000000'),('NM739638',205,39580.6,'2005-02-06 00:00:00.000000'),('NM916675',189,32538.74,'2004-03-01 00:00:00.000000'),('NN711988',157,63357.13,'2004-09-07 00:00:00.000000'),('NP603840',114,7565.08,'2003-05-31 00:00:00.000000'),('NQ865547',239,80375.24,'2004-03-15 00:00:00.000000'),('NQ966143',311,16212.59,'2004-04-25 00:00:00.000000'),('NR157385',299,32260.16,'2004-09-05 00:00:00.000000'),('NR27552',114,44894.74,'2004-03-10 00:00:00.000000'),('NR631421',328,31102.85,'2004-05-30 00:00:00.000000'),('NT141748',124,45084.38,'2003-11-25 00:00:00.000000'),('NU21326',227,53745.34,'2004-11-02 00:00:00.000000'),('NU627706',141,26155.91,'2004-05-17 00:00:00.000000'),('OA595449',424,22042.37,'2003-10-31 00:00:00.000000'),('OB648482',350,1834.56,'2005-01-29 00:00:00.000000'),('OC773849',489,22275.73,'2003-12-04 00:00:00.000000'),('OD327378',282,31835.36,'2005-01-03 00:00:00.000000'),('OG208861',362,15059.76,'2004-09-21 00:00:00.000000'),('OH367219',181,44400.5,'2004-11-16 00:00:00.000000'),('OJ819725',276,29848.52,'2005-04-30 00:00:00.000000'),('OM314933',103,1676.14,'2004-12-18 00:00:00.000000'),('OM548174',319,36092.4,'2003-12-07 00:00:00.000000'),('OO606861',458,57131.92,'2003-06-13 00:00:00.000000'),('OO846801',201,37258.94,'2004-06-15 00:00:00.000000'),('OU516561',447,26304.13,'2004-12-17 00:00:00.000000'),('PB951268',475,36070.47,'2004-02-13 00:00:00.000000'),('PC688499',473,17746.26,'2003-10-27 00:00:00.000000'),('PE176846',462,48355.87,'2004-11-27 00:00:00.000000'),('PH29054',382,42813.83,'2004-11-27 00:00:00.000000'),('PH785937',209,36069.26,'2004-05-04 00:00:00.000000'),('PI15215',175,42044.77,'2004-07-10 00:00:00.000000'),('PI42991',129,16537.85,'2003-04-09 00:00:00.000000'),('PJ434867',412,31670.37,'2004-04-14 00:00:00.000000'),('PN238558',363,55425.77,'2003-12-05 00:00:00.000000'),('PO860906',489,7310.42,'2004-01-31 00:00:00.000000'),('PQ803830',323,39440.59,'2004-12-24 00:00:00.000000'),('PT550181',487,12573.28,'2004-02-29 00:00:00.000000');

--
-- Dumping data for table `orders`
--

INSERT INTO orders (order_number, comments, customer_number, order_date, required_date, shipped_date, status) VALUES (10100,NULL,363,'2003-01-06 00:00:00.000000','2003-01-13 00:00:00.000000','2003-01-10 00:00:00.000000','Shipped'),(10101,'Check on availability.',128,'2003-01-09 00:00:00.000000','2003-01-18 00:00:00.000000','2003-01-11 00:00:00.000000','Shipped'),(10102,NULL,181,'2003-01-10 00:00:00.000000','2003-01-18 00:00:00.000000','2003-01-14 00:00:00.000000','Shipped'),(10103,NULL,121,'2003-01-29 00:00:00.000000','2003-02-07 00:00:00.000000','2003-02-02 00:00:00.000000','Shipped'),(10104,NULL,141,'2003-01-31 00:00:00.000000','2003-02-09 00:00:00.000000','2003-02-01 00:00:00.000000','Shipped'),(10105,NULL,145,'2003-02-11 00:00:00.000000','2003-02-21 00:00:00.000000','2003-02-12 00:00:00.000000','Shipped'),(10106,NULL,278,'2003-02-17 00:00:00.000000','2003-02-24 00:00:00.000000','2003-02-21 00:00:00.000000','Shipped'),(10107,'Difficult to negotiate with customer. We need more marketing materials',131,'2003-02-24 00:00:00.000000','2003-03-03 00:00:00.000000','2003-02-26 00:00:00.000000','Shipped'),(10108,NULL,385,'2003-03-03 00:00:00.000000','2003-03-12 00:00:00.000000','2003-03-08 00:00:00.000000','Shipped'),(10109,'Customer requested that FedEx Ground is used for this shipping',486,'2003-03-10 00:00:00.000000','2003-03-19 00:00:00.000000','2003-03-11 00:00:00.000000','Shipped'),(10110,NULL,187,'2003-03-18 00:00:00.000000','2003-03-24 00:00:00.000000','2003-03-20 00:00:00.000000','Shipped'),(10111,NULL,129,'2003-03-25 00:00:00.000000','2003-03-31 00:00:00.000000','2003-03-30 00:00:00.000000','Shipped'),(10112,'Customer requested that ad materials (such as posters, pamphlets) be included in the shippment',144,'2003-03-24 00:00:00.000000','2003-04-03 00:00:00.000000','2003-03-29 00:00:00.000000','Shipped'),(10113,NULL,124,'2003-03-26 00:00:00.000000','2003-04-02 00:00:00.000000','2003-03-27 00:00:00.000000','Shipped'),(10114,NULL,172,'2003-04-01 00:00:00.000000','2003-04-07 00:00:00.000000','2003-04-02 00:00:00.000000','Shipped'),(10115,NULL,424,'2003-04-04 00:00:00.000000','2003-04-12 00:00:00.000000','2003-04-07 00:00:00.000000','Shipped'),(10116,NULL,381,'2003-04-11 00:00:00.000000','2003-04-19 00:00:00.000000','2003-04-13 00:00:00.000000','Shipped'),(10117,NULL,148,'2003-04-16 00:00:00.000000','2003-04-24 00:00:00.000000','2003-04-17 00:00:00.000000','Shipped'),(10118,'Customer has worked with some of our vendors in the past and is aware of their MSRP',216,'2003-04-21 00:00:00.000000','2003-04-29 00:00:00.000000','2003-04-26 00:00:00.000000','Shipped'),(10119,NULL,382,'2003-04-28 00:00:00.000000','2003-05-05 00:00:00.000000','2003-05-02 00:00:00.000000','Shipped'),(10120,NULL,114,'2003-04-29 00:00:00.000000','2003-05-08 00:00:00.000000','2003-05-01 00:00:00.000000','Shipped'),(10121,NULL,353,'2003-05-07 00:00:00.000000','2003-05-13 00:00:00.000000','2003-05-13 00:00:00.000000','Shipped'),(10122,NULL,350,'2003-05-08 00:00:00.000000','2003-05-16 00:00:00.000000','2003-05-13 00:00:00.000000','Shipped'),(10123,NULL,103,'2003-05-20 00:00:00.000000','2003-05-29 00:00:00.000000','2003-05-22 00:00:00.000000','Shipped'),(10124,'Customer very concerned about the exact color of the models. There is high risk that he may dispute the order because there is a slight color mismatch',112,'2003-05-21 00:00:00.000000','2003-05-29 00:00:00.000000','2003-05-25 00:00:00.000000','Shipped'),(10125,NULL,114,'2003-05-21 00:00:00.000000','2003-05-27 00:00:00.000000','2003-05-24 00:00:00.000000','Shipped'),(10126,NULL,458,'2003-05-28 00:00:00.000000','2003-06-07 00:00:00.000000','2003-06-02 00:00:00.000000','Shipped'),(10127,'Customer requested special shippment. The instructions were passed along to the warehouse',151,'2003-06-03 00:00:00.000000','2003-06-09 00:00:00.000000','2003-06-06 00:00:00.000000','Shipped'),(10128,NULL,141,'2003-06-06 00:00:00.000000','2003-06-12 00:00:00.000000','2003-06-11 00:00:00.000000','Shipped'),(10129,NULL,324,'2003-06-12 00:00:00.000000','2003-06-18 00:00:00.000000','2003-06-14 00:00:00.000000','Shipped'),(10130,NULL,198,'2003-06-16 00:00:00.000000','2003-06-24 00:00:00.000000','2003-06-21 00:00:00.000000','Shipped'),(10131,NULL,447,'2003-06-16 00:00:00.000000','2003-06-25 00:00:00.000000','2003-06-21 00:00:00.000000','Shipped'),(10132,NULL,323,'2003-06-25 00:00:00.000000','2003-07-01 00:00:00.000000','2003-06-28 00:00:00.000000','Shipped'),(10133,NULL,141,'2003-06-27 00:00:00.000000','2003-07-04 00:00:00.000000','2003-07-03 00:00:00.000000','Shipped'),(10134,NULL,250,'2003-07-01 00:00:00.000000','2003-07-10 00:00:00.000000','2003-07-05 00:00:00.000000','Shipped'),(10135,NULL,124,'2003-07-02 00:00:00.000000','2003-07-12 00:00:00.000000','2003-07-03 00:00:00.000000','Shipped'),(10136,'Customer is interested in buying more Ferrari models',242,'2003-07-04 00:00:00.000000','2003-07-14 00:00:00.000000','2003-07-06 00:00:00.000000','Shipped'),(10137,NULL,353,'2003-07-10 00:00:00.000000','2003-07-20 00:00:00.000000','2003-07-14 00:00:00.000000','Shipped'),(10138,NULL,496,'2003-07-07 00:00:00.000000','2003-07-16 00:00:00.000000','2003-07-13 00:00:00.000000','Shipped'),(10139,NULL,282,'2003-07-16 00:00:00.000000','2003-07-23 00:00:00.000000','2003-07-21 00:00:00.000000','Shipped'),(10140,NULL,161,'2003-07-24 00:00:00.000000','2003-08-02 00:00:00.000000','2003-07-30 00:00:00.000000','Shipped'),(10141,NULL,334,'2003-08-01 00:00:00.000000','2003-08-09 00:00:00.000000','2003-08-04 00:00:00.000000','Shipped'),(10142,NULL,124,'2003-08-08 00:00:00.000000','2003-08-16 00:00:00.000000','2003-08-13 00:00:00.000000','Shipped'),(10143,'Can we deliver the new Ford Mustang models by end-of-quarter?',320,'2003-08-10 00:00:00.000000','2003-08-18 00:00:00.000000','2003-08-12 00:00:00.000000','Shipped'),(10144,NULL,381,'2003-08-13 00:00:00.000000','2003-08-21 00:00:00.000000','2003-08-14 00:00:00.000000','Shipped'),(10145,NULL,205,'2003-08-25 00:00:00.000000','2003-09-02 00:00:00.000000','2003-08-31 00:00:00.000000','Shipped'),(10146,NULL,447,'2003-09-03 00:00:00.000000','2003-09-13 00:00:00.000000','2003-09-06 00:00:00.000000','Shipped'),(10147,NULL,379,'2003-09-05 00:00:00.000000','2003-09-12 00:00:00.000000','2003-09-09 00:00:00.000000','Shipped'),(10148,'They want to reevaluate their terms agreement with Finance.',276,'2003-09-11 00:00:00.000000','2003-09-21 00:00:00.000000','2003-09-15 00:00:00.000000','Shipped'),(10149,NULL,487,'2003-09-12 00:00:00.000000','2003-09-18 00:00:00.000000','2003-09-17 00:00:00.000000','Shipped'),(10150,'They want to reevaluate their terms agreement with Finance.',148,'2003-09-19 00:00:00.000000','2003-09-27 00:00:00.000000','2003-09-21 00:00:00.000000','Shipped'),(10151,NULL,311,'2003-09-21 00:00:00.000000','2003-09-30 00:00:00.000000','2003-09-24 00:00:00.000000','Shipped'),(10152,NULL,333,'2003-09-25 00:00:00.000000','2003-10-03 00:00:00.000000','2003-10-01 00:00:00.000000','Shipped'),(10153,NULL,141,'2003-09-28 00:00:00.000000','2003-10-05 00:00:00.000000','2003-10-03 00:00:00.000000','Shipped'),(10154,NULL,219,'2003-10-02 00:00:00.000000','2003-10-12 00:00:00.000000','2003-10-08 00:00:00.000000','Shipped'),(10155,NULL,186,'2003-10-06 00:00:00.000000','2003-10-13 00:00:00.000000','2003-10-07 00:00:00.000000','Shipped'),(10156,NULL,141,'2003-10-08 00:00:00.000000','2003-10-17 00:00:00.000000','2003-10-11 00:00:00.000000','Shipped'),(10157,NULL,473,'2003-10-09 00:00:00.000000','2003-10-15 00:00:00.000000','2003-10-14 00:00:00.000000','Shipped'),(10158,NULL,121,'2003-10-10 00:00:00.000000','2003-10-18 00:00:00.000000','2003-10-15 00:00:00.000000','Shipped'),(10159,NULL,321,'2003-10-10 00:00:00.000000','2003-10-19 00:00:00.000000','2003-10-16 00:00:00.000000','Shipped'),(10160,NULL,347,'2003-10-11 00:00:00.000000','2003-10-17 00:00:00.000000','2003-10-17 00:00:00.000000','Shipped'),(10161,NULL,227,'2003-10-17 00:00:00.000000','2003-10-25 00:00:00.000000','2003-10-20 00:00:00.000000','Shipped'),(10162,NULL,321,'2003-10-18 00:00:00.000000','2003-10-26 00:00:00.000000','2003-10-19 00:00:00.000000','Shipped'),(10163,NULL,424,'2003-10-20 00:00:00.000000','2003-10-27 00:00:00.000000','2003-10-24 00:00:00.000000','Shipped'),(10164,'This order was disputed, but resolved on 11/1/2003; Customer doesn`t like the colors and precision of the models.',452,'2003-10-21 00:00:00.000000','2003-10-30 00:00:00.000000','2003-10-23 00:00:00.000000','Resolved'),(10165,'This order was on hold because customers`s credit limit had been exceeded. Order will ship when payment is received',148,'2003-10-22 00:00:00.000000','2003-10-31 00:00:00.000000','2003-12-26 00:00:00.000000','Shipped'),(10166,NULL,462,'2003-10-21 00:00:00.000000','2003-10-30 00:00:00.000000','2003-10-27 00:00:00.000000','Shipped'),(10167,'Customer called to cancel. The warehouse was notified in time and the order didn`t ship. They have a new VP of Sales and are shifting their sales model. Our VP of Sales should contact them.',448,'2003-10-23 00:00:00.000000','2003-10-30 00:00:00.000000',NULL,'Cancelled'),(10168,NULL,161,'2003-10-28 00:00:00.000000','2003-11-03 00:00:00.000000','2003-11-01 00:00:00.000000','Shipped'),(10169,NULL,276,'2003-11-04 00:00:00.000000','2003-11-14 00:00:00.000000','2003-11-09 00:00:00.000000','Shipped'),(10170,NULL,452,'2003-11-04 00:00:00.000000','2003-11-12 00:00:00.000000','2003-11-07 00:00:00.000000','Shipped'),(10171,NULL,233,'2003-11-05 00:00:00.000000','2003-11-13 00:00:00.000000','2003-11-07 00:00:00.000000','Shipped'),(10172,NULL,175,'2003-11-05 00:00:00.000000','2003-11-14 00:00:00.000000','2003-11-11 00:00:00.000000','Shipped'),(10173,'Cautious optimism. We have happy customers here, if we can keep them well stocked.  I need all the information I can get on the planned shippments of Porches',278,'2003-11-05 00:00:00.000000','2003-11-15 00:00:00.000000','2003-11-09 00:00:00.000000','Shipped'),(10174,NULL,333,'2003-11-06 00:00:00.000000','2003-11-15 00:00:00.000000','2003-11-10 00:00:00.000000','Shipped'),(10175,NULL,324,'2003-11-06 00:00:00.000000','2003-11-14 00:00:00.000000','2003-11-09 00:00:00.000000','Shipped'),(10176,NULL,386,'2003-11-06 00:00:00.000000','2003-11-15 00:00:00.000000','2003-11-12 00:00:00.000000','Shipped'),(10177,NULL,344,'2003-11-07 00:00:00.000000','2003-11-17 00:00:00.000000','2003-11-12 00:00:00.000000','Shipped'),(10178,'Custom shipping instructions sent to warehouse',242,'2003-11-08 00:00:00.000000','2003-11-16 00:00:00.000000','2003-11-10 00:00:00.000000','Shipped'),(10179,'Customer cancelled due to urgent budgeting issues. Must be cautious when dealing with them in the future. Since order shipped already we must discuss who would cover the shipping charges.',496,'2003-11-11 00:00:00.000000','2003-11-17 00:00:00.000000','2003-11-13 00:00:00.000000','Cancelled'),(10180,NULL,171,'2003-11-11 00:00:00.000000','2003-11-19 00:00:00.000000','2003-11-14 00:00:00.000000','Shipped'),(10181,NULL,167,'2003-11-12 00:00:00.000000','2003-11-19 00:00:00.000000','2003-11-15 00:00:00.000000','Shipped'),(10182,NULL,124,'2003-11-12 00:00:00.000000','2003-11-21 00:00:00.000000','2003-11-18 00:00:00.000000','Shipped'),(10183,'We need to keep in close contact with their Marketing VP. He is the decision maker for all their purchases.',339,'2003-11-13 00:00:00.000000','2003-11-22 00:00:00.000000','2003-11-15 00:00:00.000000','Shipped'),(10184,NULL,484,'2003-11-14 00:00:00.000000','2003-11-22 00:00:00.000000','2003-11-20 00:00:00.000000','Shipped'),(10185,NULL,320,'2003-11-14 00:00:00.000000','2003-11-21 00:00:00.000000','2003-11-20 00:00:00.000000','Shipped'),(10186,'They want to reevaluate their terms agreement with the VP of Sales',489,'2003-11-14 00:00:00.000000','2003-11-20 00:00:00.000000','2003-11-18 00:00:00.000000','Shipped'),(10187,NULL,211,'2003-11-15 00:00:00.000000','2003-11-24 00:00:00.000000','2003-11-16 00:00:00.000000','Shipped'),(10188,NULL,167,'2003-11-18 00:00:00.000000','2003-11-26 00:00:00.000000','2003-11-24 00:00:00.000000','Shipped'),(10189,'They want to reevaluate their terms agreement with Finance.',205,'2003-11-18 00:00:00.000000','2003-11-25 00:00:00.000000','2003-11-24 00:00:00.000000','Shipped'),(10190,NULL,141,'2003-11-19 00:00:00.000000','2003-11-29 00:00:00.000000','2003-11-20 00:00:00.000000','Shipped'),(10191,'We must be cautions with this customer. Their VP of Sales resigned. Company may be heading down.',259,'2003-11-20 00:00:00.000000','2003-11-30 00:00:00.000000','2003-11-24 00:00:00.000000','Shipped'),(10192,NULL,363,'2003-11-20 00:00:00.000000','2003-11-29 00:00:00.000000','2003-11-25 00:00:00.000000','Shipped'),(10193,NULL,471,'2003-11-21 00:00:00.000000','2003-11-28 00:00:00.000000','2003-11-27 00:00:00.000000','Shipped'),(10194,NULL,146,'2003-11-25 00:00:00.000000','2003-12-02 00:00:00.000000','2003-11-26 00:00:00.000000','Shipped'),(10195,NULL,319,'2003-11-25 00:00:00.000000','2003-12-01 00:00:00.000000','2003-11-28 00:00:00.000000','Shipped'),(10196,NULL,455,'2003-11-26 00:00:00.000000','2003-12-03 00:00:00.000000','2003-12-01 00:00:00.000000','Shipped'),(10197,'Customer inquired about remote controlled models and gold models.',216,'2003-11-26 00:00:00.000000','2003-12-02 00:00:00.000000','2003-12-01 00:00:00.000000','Shipped'),(10198,NULL,385,'2003-11-27 00:00:00.000000','2003-12-06 00:00:00.000000','2003-12-03 00:00:00.000000','Shipped'),(10199,NULL,475,'2003-12-01 00:00:00.000000','2003-12-10 00:00:00.000000','2003-12-06 00:00:00.000000','Shipped'),(10200,NULL,211,'2003-12-01 00:00:00.000000','2003-12-09 00:00:00.000000','2003-12-06 00:00:00.000000','Shipped'),(10201,NULL,129,'2003-12-01 00:00:00.000000','2003-12-11 00:00:00.000000','2003-12-02 00:00:00.000000','Shipped'),(10202,NULL,357,'2003-12-02 00:00:00.000000','2003-12-09 00:00:00.000000','2003-12-06 00:00:00.000000','Shipped'),(10203,NULL,141,'2003-12-02 00:00:00.000000','2003-12-11 00:00:00.000000','2003-12-07 00:00:00.000000','Shipped'),(10204,NULL,151,'2003-12-02 00:00:00.000000','2003-12-10 00:00:00.000000','2003-12-04 00:00:00.000000','Shipped'),(10205,' I need all the information I can get on our competitors.',141,'2003-12-03 00:00:00.000000','2003-12-09 00:00:00.000000','2003-12-07 00:00:00.000000','Shipped'),(10206,'Can we renegotiate this one?',202,'2003-12-05 00:00:00.000000','2003-12-13 00:00:00.000000','2003-12-08 00:00:00.000000','Shipped'),(10207,'Check on availability.',495,'2003-12-09 00:00:00.000000','2003-12-17 00:00:00.000000','2003-12-11 00:00:00.000000','Shipped'),(10208,NULL,146,'2004-01-02 00:00:00.000000','2004-01-11 00:00:00.000000','2004-01-04 00:00:00.000000','Shipped'),(10209,NULL,347,'2004-01-09 00:00:00.000000','2004-01-15 00:00:00.000000','2004-01-12 00:00:00.000000','Shipped'),(10210,NULL,177,'2004-01-12 00:00:00.000000','2004-01-22 00:00:00.000000','2004-01-20 00:00:00.000000','Shipped'),(10211,NULL,406,'2004-01-15 00:00:00.000000','2004-01-25 00:00:00.000000','2004-01-18 00:00:00.000000','Shipped'),(10212,NULL,141,'2004-01-16 00:00:00.000000','2004-01-24 00:00:00.000000','2004-01-18 00:00:00.000000','Shipped'),(10213,'Difficult to negotiate with customer. We need more marketing materials',489,'2004-01-22 00:00:00.000000','2004-01-28 00:00:00.000000','2004-01-27 00:00:00.000000','Shipped'),(10214,NULL,458,'2004-01-26 00:00:00.000000','2004-02-04 00:00:00.000000','2004-01-29 00:00:00.000000','Shipped'),(10215,'Customer requested that FedEx Ground is used for this shipping',475,'2004-01-29 00:00:00.000000','2004-02-08 00:00:00.000000','2004-02-01 00:00:00.000000','Shipped'),(10216,NULL,256,'2004-02-02 00:00:00.000000','2004-02-10 00:00:00.000000','2004-02-04 00:00:00.000000','Shipped'),(10217,NULL,166,'2004-02-04 00:00:00.000000','2004-02-14 00:00:00.000000','2004-02-06 00:00:00.000000','Shipped'),(10218,'Customer requested that ad materials (such as posters, pamphlets) be included in the shippment',473,'2004-02-09 00:00:00.000000','2004-02-16 00:00:00.000000','2004-02-11 00:00:00.000000','Shipped'),(10219,NULL,487,'2004-02-10 00:00:00.000000','2004-02-17 00:00:00.000000','2004-02-12 00:00:00.000000','Shipped'),(10220,NULL,189,'2004-02-12 00:00:00.000000','2004-02-19 00:00:00.000000','2004-02-16 00:00:00.000000','Shipped'),(10221,NULL,314,'2004-02-18 00:00:00.000000','2004-02-26 00:00:00.000000','2004-02-19 00:00:00.000000','Shipped'),(10222,NULL,239,'2004-02-19 00:00:00.000000','2004-02-27 00:00:00.000000','2004-02-20 00:00:00.000000','Shipped'),(10223,NULL,114,'2004-02-20 00:00:00.000000','2004-02-29 00:00:00.000000','2004-02-24 00:00:00.000000','Shipped'),(10224,'Customer has worked with some of our vendors in the past and is aware of their MSRP',171,'2004-02-21 00:00:00.000000','2004-03-02 00:00:00.000000','2004-02-26 00:00:00.000000','Shipped'),(10225,NULL,298,'2004-02-22 00:00:00.000000','2004-03-01 00:00:00.000000','2004-02-24 00:00:00.000000','Shipped'),(10226,NULL,239,'2004-02-26 00:00:00.000000','2004-03-06 00:00:00.000000','2004-03-02 00:00:00.000000','Shipped'),(10227,NULL,146,'2004-03-02 00:00:00.000000','2004-03-12 00:00:00.000000','2004-03-08 00:00:00.000000','Shipped'),(10228,NULL,173,'2004-03-10 00:00:00.000000','2004-03-18 00:00:00.000000','2004-03-13 00:00:00.000000','Shipped'),(10229,NULL,124,'2004-03-11 00:00:00.000000','2004-03-20 00:00:00.000000','2004-03-12 00:00:00.000000','Shipped'),(10230,'Customer very concerned about the exact color of the models. There is high risk that he may dispute the order because there is a slight color mismatch',128,'2004-03-15 00:00:00.000000','2004-03-24 00:00:00.000000','2004-03-20 00:00:00.000000','Shipped'),(10231,NULL,344,'2004-03-19 00:00:00.000000','2004-03-26 00:00:00.000000','2004-03-25 00:00:00.000000','Shipped'),(10232,NULL,240,'2004-03-20 00:00:00.000000','2004-03-30 00:00:00.000000','2004-03-25 00:00:00.000000','Shipped'),(10233,'Customer requested special shippment. The instructions were passed along to the warehouse',328,'2004-03-29 00:00:00.000000','2004-04-04 00:00:00.000000','2004-04-02 00:00:00.000000','Shipped'),(10234,NULL,412,'2004-03-30 00:00:00.000000','2004-04-05 00:00:00.000000','2004-04-02 00:00:00.000000','Shipped'),(10235,NULL,260,'2004-04-02 00:00:00.000000','2004-04-12 00:00:00.000000','2004-04-06 00:00:00.000000','Shipped'),(10236,NULL,486,'2004-04-03 00:00:00.000000','2004-04-11 00:00:00.000000','2004-04-08 00:00:00.000000','Shipped'),(10237,NULL,181,'2004-04-05 00:00:00.000000','2004-04-12 00:00:00.000000','2004-04-10 00:00:00.000000','Shipped'),(10238,NULL,145,'2004-04-09 00:00:00.000000','2004-04-16 00:00:00.000000','2004-04-10 00:00:00.000000','Shipped'),(10239,NULL,311,'2004-04-12 00:00:00.000000','2004-04-21 00:00:00.000000','2004-04-17 00:00:00.000000','Shipped'),(10240,NULL,177,'2004-04-13 00:00:00.000000','2004-04-20 00:00:00.000000','2004-04-20 00:00:00.000000','Shipped'),(10241,NULL,209,'2004-04-13 00:00:00.000000','2004-04-20 00:00:00.000000','2004-04-19 00:00:00.000000','Shipped'),(10242,'Customer is interested in buying more Ferrari models',456,'2004-04-20 00:00:00.000000','2004-04-28 00:00:00.000000','2004-04-25 00:00:00.000000','Shipped'),(10243,NULL,495,'2004-04-26 00:00:00.000000','2004-05-03 00:00:00.000000','2004-04-28 00:00:00.000000','Shipped'),(10244,NULL,141,'2004-04-29 00:00:00.000000','2004-05-09 00:00:00.000000','2004-05-04 00:00:00.000000','Shipped'),(10245,NULL,455,'2004-05-04 00:00:00.000000','2004-05-12 00:00:00.000000','2004-05-09 00:00:00.000000','Shipped'),(10246,NULL,141,'2004-05-05 00:00:00.000000','2004-05-13 00:00:00.000000','2004-05-06 00:00:00.000000','Shipped'),(10247,NULL,334,'2004-05-05 00:00:00.000000','2004-05-11 00:00:00.000000','2004-05-08 00:00:00.000000','Shipped'),(10248,'Order was mistakenly placed. The warehouse noticed the lack of documentation.',131,'2004-05-07 00:00:00.000000','2004-05-14 00:00:00.000000',NULL,'Cancelled'),(10249,'Can we deliver the new Ford Mustang models by end-of-quarter?',173,'2004-05-08 00:00:00.000000','2004-05-17 00:00:00.000000','2004-05-11 00:00:00.000000','Shipped'),(10250,NULL,450,'2004-05-11 00:00:00.000000','2004-05-19 00:00:00.000000','2004-05-15 00:00:00.000000','Shipped'),(10251,NULL,328,'2004-05-18 00:00:00.000000','2004-05-24 00:00:00.000000','2004-05-24 00:00:00.000000','Shipped'),(10252,NULL,406,'2004-05-26 00:00:00.000000','2004-06-04 00:00:00.000000','2004-05-29 00:00:00.000000','Shipped'),(10253,'Customer disputed the order and we agreed to cancel it. We must be more cautions with this customer going forward, since they are very hard to please. We must cover the shipping fees.',201,'2004-06-01 00:00:00.000000','2004-06-09 00:00:00.000000','2004-06-02 00:00:00.000000','Cancelled'),(10254,'Customer requested that DHL is used for this shipping',323,'2004-06-03 00:00:00.000000','2004-06-13 00:00:00.000000','2004-06-04 00:00:00.000000','Shipped'),(10255,NULL,209,'2004-06-04 00:00:00.000000','2004-06-12 00:00:00.000000','2004-06-09 00:00:00.000000','Shipped'),(10256,NULL,145,'2004-06-08 00:00:00.000000','2004-06-16 00:00:00.000000','2004-06-10 00:00:00.000000','Shipped'),(10257,NULL,450,'2004-06-14 00:00:00.000000','2004-06-24 00:00:00.000000','2004-06-15 00:00:00.000000','Shipped'),(10258,NULL,398,'2004-06-15 00:00:00.000000','2004-06-25 00:00:00.000000','2004-06-23 00:00:00.000000','Shipped'),(10259,NULL,166,'2004-06-15 00:00:00.000000','2004-06-22 00:00:00.000000','2004-06-17 00:00:00.000000','Shipped'),(10260,'Customer heard complaints from their customers and called to cancel this order. Will notify the Sales Manager.',357,'2004-06-16 00:00:00.000000','2004-06-22 00:00:00.000000',NULL,'Cancelled'),(10261,NULL,233,'2004-06-17 00:00:00.000000','2004-06-25 00:00:00.000000','2004-06-22 00:00:00.000000','Shipped'),(10262,'This customer found a better offer from one of our competitors. Will call back to renegotiate.',141,'2004-06-24 00:00:00.000000','2004-07-01 00:00:00.000000',NULL,'Cancelled'),(10263,NULL,175,'2004-06-28 00:00:00.000000','2004-07-04 00:00:00.000000','2004-07-02 00:00:00.000000','Shipped'),(10264,'Customer will send a truck to our local warehouse on 7/1/2004',362,'2004-06-30 00:00:00.000000','2004-07-06 00:00:00.000000','2004-07-01 00:00:00.000000','Shipped'),(10265,NULL,471,'2004-07-02 00:00:00.000000','2004-07-09 00:00:00.000000','2004-07-07 00:00:00.000000','Shipped'),(10266,NULL,386,'2004-07-06 00:00:00.000000','2004-07-14 00:00:00.000000','2004-07-10 00:00:00.000000','Shipped'),(10267,NULL,151,'2004-07-07 00:00:00.000000','2004-07-17 00:00:00.000000','2004-07-09 00:00:00.000000','Shipped'),(10268,NULL,412,'2004-07-12 00:00:00.000000','2004-07-18 00:00:00.000000','2004-07-14 00:00:00.000000','Shipped'),(10269,NULL,382,'2004-07-16 00:00:00.000000','2004-07-22 00:00:00.000000','2004-07-18 00:00:00.000000','Shipped'),(10270,'Can we renegotiate this one?',282,'2004-07-19 00:00:00.000000','2004-07-27 00:00:00.000000','2004-07-24 00:00:00.000000','Shipped'),(10271,NULL,124,'2004-07-20 00:00:00.000000','2004-07-29 00:00:00.000000','2004-07-23 00:00:00.000000','Shipped'),(10272,NULL,157,'2004-07-20 00:00:00.000000','2004-07-26 00:00:00.000000','2004-07-22 00:00:00.000000','Shipped'),(10273,NULL,314,'2004-07-21 00:00:00.000000','2004-07-28 00:00:00.000000','2004-07-22 00:00:00.000000','Shipped'),(10274,NULL,379,'2004-07-21 00:00:00.000000','2004-07-29 00:00:00.000000','2004-07-22 00:00:00.000000','Shipped'),(10275,NULL,119,'2004-07-23 00:00:00.000000','2004-08-02 00:00:00.000000','2004-07-29 00:00:00.000000','Shipped'),(10276,NULL,204,'2004-08-02 00:00:00.000000','2004-08-11 00:00:00.000000','2004-08-08 00:00:00.000000','Shipped'),(10277,NULL,148,'2004-08-04 00:00:00.000000','2004-08-12 00:00:00.000000','2004-08-05 00:00:00.000000','Shipped'),(10278,NULL,112,'2004-08-06 00:00:00.000000','2004-08-16 00:00:00.000000','2004-08-09 00:00:00.000000','Shipped'),(10279,'Cautious optimism. We have happy customers here, if we can keep them well stocked.  I need all the information I can get on the planned shippments of Porches',141,'2004-08-09 00:00:00.000000','2004-08-19 00:00:00.000000','2004-08-15 00:00:00.000000','Shipped'),(10280,NULL,249,'2004-08-17 00:00:00.000000','2004-08-27 00:00:00.000000','2004-08-19 00:00:00.000000','Shipped'),(10281,NULL,157,'2004-08-19 00:00:00.000000','2004-08-28 00:00:00.000000','2004-08-23 00:00:00.000000','Shipped'),(10282,NULL,124,'2004-08-20 00:00:00.000000','2004-08-26 00:00:00.000000','2004-08-22 00:00:00.000000','Shipped'),(10283,NULL,260,'2004-08-20 00:00:00.000000','2004-08-30 00:00:00.000000','2004-08-23 00:00:00.000000','Shipped'),(10284,'Custom shipping instructions sent to warehouse',299,'2004-08-21 00:00:00.000000','2004-08-29 00:00:00.000000','2004-08-26 00:00:00.000000','Shipped'),(10285,NULL,286,'2004-08-27 00:00:00.000000','2004-09-04 00:00:00.000000','2004-08-31 00:00:00.000000','Shipped'),(10286,NULL,172,'2004-08-28 00:00:00.000000','2004-09-06 00:00:00.000000','2004-09-01 00:00:00.000000','Shipped'),(10287,NULL,298,'2004-08-30 00:00:00.000000','2004-09-06 00:00:00.000000','2004-09-01 00:00:00.000000','Shipped'),(10288,NULL,166,'2004-09-01 00:00:00.000000','2004-09-11 00:00:00.000000','2004-09-05 00:00:00.000000','Shipped'),(10289,'We need to keep in close contact with their Marketing VP. He is the decision maker for all their purchases.',167,'2004-09-03 00:00:00.000000','2004-09-13 00:00:00.000000','2004-09-04 00:00:00.000000','Shipped'),(10290,NULL,198,'2004-09-07 00:00:00.000000','2004-09-15 00:00:00.000000','2004-09-13 00:00:00.000000','Shipped'),(10291,NULL,448,'2004-09-08 00:00:00.000000','2004-09-17 00:00:00.000000','2004-09-14 00:00:00.000000','Shipped'),(10292,'They want to reevaluate their terms agreement with Finance.',131,'2004-09-08 00:00:00.000000','2004-09-18 00:00:00.000000','2004-09-11 00:00:00.000000','Shipped'),(10293,NULL,249,'2004-09-09 00:00:00.000000','2004-09-18 00:00:00.000000','2004-09-14 00:00:00.000000','Shipped'),(10294,NULL,204,'2004-09-10 00:00:00.000000','2004-09-17 00:00:00.000000','2004-09-14 00:00:00.000000','Shipped'),(10295,'They want to reevaluate their terms agreement with Finance.',362,'2004-09-10 00:00:00.000000','2004-09-17 00:00:00.000000','2004-09-14 00:00:00.000000','Shipped'),(10296,NULL,415,'2004-09-15 00:00:00.000000','2004-09-22 00:00:00.000000','2004-09-16 00:00:00.000000','Shipped'),(10297,'We must be cautions with this customer. Their VP of Sales resigned. Company may be heading down.',189,'2004-09-16 00:00:00.000000','2004-09-22 00:00:00.000000','2004-09-21 00:00:00.000000','Shipped'),(10298,NULL,103,'2004-09-27 00:00:00.000000','2004-10-05 00:00:00.000000','2004-10-01 00:00:00.000000','Shipped'),(10299,NULL,186,'2004-09-30 00:00:00.000000','2004-10-10 00:00:00.000000','2004-10-01 00:00:00.000000','Shipped'),(10300,NULL,128,'2003-10-04 00:00:00.000000','2003-10-13 00:00:00.000000','2003-10-09 00:00:00.000000','Shipped'),(10301,NULL,299,'2003-10-05 00:00:00.000000','2003-10-15 00:00:00.000000','2003-10-08 00:00:00.000000','Shipped'),(10302,NULL,201,'2003-10-06 00:00:00.000000','2003-10-16 00:00:00.000000','2003-10-07 00:00:00.000000','Shipped'),(10303,'Customer inquired about remote controlled models and gold models.',484,'2004-10-06 00:00:00.000000','2004-10-14 00:00:00.000000','2004-10-09 00:00:00.000000','Shipped'),(10304,NULL,256,'2004-10-11 00:00:00.000000','2004-10-20 00:00:00.000000','2004-10-17 00:00:00.000000','Shipped'),(10305,'Check on availability.',286,'2004-10-13 00:00:00.000000','2004-10-22 00:00:00.000000','2004-10-15 00:00:00.000000','Shipped'),(10306,NULL,187,'2004-10-14 00:00:00.000000','2004-10-21 00:00:00.000000','2004-10-17 00:00:00.000000','Shipped'),(10307,NULL,339,'2004-10-14 00:00:00.000000','2004-10-23 00:00:00.000000','2004-10-20 00:00:00.000000','Shipped'),(10308,'Customer requested that FedEx Ground is used for this shipping',319,'2004-10-15 00:00:00.000000','2004-10-24 00:00:00.000000','2004-10-20 00:00:00.000000','Shipped'),(10309,NULL,121,'2004-10-15 00:00:00.000000','2004-10-24 00:00:00.000000','2004-10-18 00:00:00.000000','Shipped'),(10310,NULL,259,'2004-10-16 00:00:00.000000','2004-10-24 00:00:00.000000','2004-10-18 00:00:00.000000','Shipped'),(10311,'Difficult to negotiate with customer. We need more marketing materials',141,'2004-10-16 00:00:00.000000','2004-10-23 00:00:00.000000','2004-10-20 00:00:00.000000','Shipped'),(10312,NULL,124,'2004-10-21 00:00:00.000000','2004-10-27 00:00:00.000000','2004-10-23 00:00:00.000000','Shipped'),(10313,'Customer requested that FedEx Ground is used for this shipping',202,'2004-10-22 00:00:00.000000','2004-10-28 00:00:00.000000','2004-10-25 00:00:00.000000','Shipped'),(10314,NULL,227,'2004-10-22 00:00:00.000000','2004-11-01 00:00:00.000000','2004-10-23 00:00:00.000000','Shipped'),(10315,NULL,119,'2004-10-29 00:00:00.000000','2004-11-08 00:00:00.000000','2004-10-30 00:00:00.000000','Shipped'),(10316,'Customer requested that ad materials (such as posters, pamphlets) be included in the shippment',240,'2004-11-01 00:00:00.000000','2004-11-09 00:00:00.000000','2004-11-07 00:00:00.000000','Shipped'),(10317,NULL,161,'2004-11-02 00:00:00.000000','2004-11-12 00:00:00.000000','2004-11-08 00:00:00.000000','Shipped'),(10318,NULL,157,'2004-11-02 00:00:00.000000','2004-11-09 00:00:00.000000','2004-11-07 00:00:00.000000','Shipped'),(10319,'Customer requested that DHL is used for this shipping',456,'2004-11-03 00:00:00.000000','2004-11-11 00:00:00.000000','2004-11-06 00:00:00.000000','Shipped'),(10320,NULL,144,'2004-11-03 00:00:00.000000','2004-11-13 00:00:00.000000','2004-11-07 00:00:00.000000','Shipped'),(10321,NULL,462,'2004-11-04 00:00:00.000000','2004-11-12 00:00:00.000000','2004-11-07 00:00:00.000000','Shipped'),(10322,'Customer has worked with some of our vendors in the past and is aware of their MSRP',363,'2004-11-04 00:00:00.000000','2004-11-12 00:00:00.000000','2004-11-10 00:00:00.000000','Shipped'),(10323,NULL,128,'2004-11-05 00:00:00.000000','2004-11-12 00:00:00.000000','2004-11-09 00:00:00.000000','Shipped'),(10324,NULL,181,'2004-11-05 00:00:00.000000','2004-11-11 00:00:00.000000','2004-11-08 00:00:00.000000','Shipped'),(10325,NULL,121,'2004-11-05 00:00:00.000000','2004-11-13 00:00:00.000000','2004-11-08 00:00:00.000000','Shipped'),(10326,NULL,144,'2004-11-09 00:00:00.000000','2004-11-16 00:00:00.000000','2004-11-10 00:00:00.000000','Shipped'),(10327,'Order was disputed and resolved on 12/1/04. The Sales Manager was involved. Customer claims the scales of the models don`t match what was discussed.',145,'2004-11-10 00:00:00.000000','2004-11-19 00:00:00.000000','2004-11-13 00:00:00.000000','Resolved'),(10328,'Customer very concerned about the exact color of the models. There is high risk that he may dispute the order because there is a slight color mismatch',278,'2004-11-12 00:00:00.000000','2004-11-21 00:00:00.000000','2004-11-18 00:00:00.000000','Shipped'),(10329,NULL,131,'2004-11-15 00:00:00.000000','2004-11-24 00:00:00.000000','2004-11-16 00:00:00.000000','Shipped'),(10330,NULL,385,'2004-11-16 00:00:00.000000','2004-11-25 00:00:00.000000','2004-11-21 00:00:00.000000','Shipped'),(10331,'Customer requested special shippment. The instructions were passed along to the warehouse',486,'2004-11-17 00:00:00.000000','2004-11-23 00:00:00.000000','2004-11-23 00:00:00.000000','Shipped'),(10332,NULL,187,'2004-11-17 00:00:00.000000','2004-11-25 00:00:00.000000','2004-11-18 00:00:00.000000','Shipped'),(10333,NULL,129,'2004-11-18 00:00:00.000000','2004-11-27 00:00:00.000000','2004-11-20 00:00:00.000000','Shipped'),(10334,'The outstaniding balance for this customer exceeds their credit limit. Order will be shipped when a payment is received.',144,'2004-11-19 00:00:00.000000','2004-11-28 00:00:00.000000',NULL,'On Hold'),(10335,NULL,124,'2004-11-19 00:00:00.000000','2004-11-29 00:00:00.000000','2004-11-23 00:00:00.000000','Shipped'),(10336,'Customer requested that DHL is used for this shipping',172,'2004-11-20 00:00:00.000000','2004-11-26 00:00:00.000000','2004-11-24 00:00:00.000000','Shipped'),(10337,NULL,424,'2004-11-21 00:00:00.000000','2004-11-30 00:00:00.000000','2004-11-26 00:00:00.000000','Shipped'),(10338,NULL,381,'2004-11-22 00:00:00.000000','2004-12-02 00:00:00.000000','2004-11-27 00:00:00.000000','Shipped'),(10339,NULL,398,'2004-11-23 00:00:00.000000','2004-11-30 00:00:00.000000','2004-11-30 00:00:00.000000','Shipped'),(10340,'Customer is interested in buying more Ferrari models',216,'2004-11-24 00:00:00.000000','2004-12-01 00:00:00.000000','2004-11-25 00:00:00.000000','Shipped'),(10341,NULL,382,'2004-11-24 00:00:00.000000','2004-12-01 00:00:00.000000','2004-11-29 00:00:00.000000','Shipped'),(10342,NULL,114,'2004-11-24 00:00:00.000000','2004-12-01 00:00:00.000000','2004-11-29 00:00:00.000000','Shipped'),(10343,NULL,353,'2004-11-24 00:00:00.000000','2004-12-01 00:00:00.000000','2004-11-26 00:00:00.000000','Shipped'),(10344,NULL,350,'2004-11-25 00:00:00.000000','2004-12-02 00:00:00.000000','2004-11-29 00:00:00.000000','Shipped'),(10345,NULL,103,'2004-11-25 00:00:00.000000','2004-12-01 00:00:00.000000','2004-11-26 00:00:00.000000','Shipped'),(10346,NULL,112,'2004-11-29 00:00:00.000000','2004-12-05 00:00:00.000000','2004-11-30 00:00:00.000000','Shipped'),(10347,'Can we deliver the new Ford Mustang models by end-of-quarter?',114,'2004-11-29 00:00:00.000000','2004-12-07 00:00:00.000000','2004-11-30 00:00:00.000000','Shipped'),(10348,NULL,458,'2004-11-01 00:00:00.000000','2004-11-08 00:00:00.000000','2004-11-05 00:00:00.000000','Shipped'),(10349,NULL,151,'2004-12-01 00:00:00.000000','2004-12-07 00:00:00.000000','2004-12-03 00:00:00.000000','Shipped'),(10350,NULL,141,'2004-12-02 00:00:00.000000','2004-12-08 00:00:00.000000','2004-12-05 00:00:00.000000','Shipped'),(10351,NULL,324,'2004-12-03 00:00:00.000000','2004-12-11 00:00:00.000000','2004-12-07 00:00:00.000000','Shipped'),(10352,NULL,198,'2004-12-03 00:00:00.000000','2004-12-12 00:00:00.000000','2004-12-09 00:00:00.000000','Shipped'),(10353,NULL,447,'2004-12-04 00:00:00.000000','2004-12-11 00:00:00.000000','2004-12-05 00:00:00.000000','Shipped'),(10354,NULL,323,'2004-12-04 00:00:00.000000','2004-12-10 00:00:00.000000','2004-12-05 00:00:00.000000','Shipped'),(10355,NULL,141,'2004-12-07 00:00:00.000000','2004-12-14 00:00:00.000000','2004-12-13 00:00:00.000000','Shipped'),(10356,NULL,250,'2004-12-09 00:00:00.000000','2004-12-15 00:00:00.000000','2004-12-12 00:00:00.000000','Shipped'),(10357,NULL,124,'2004-12-10 00:00:00.000000','2004-12-16 00:00:00.000000','2004-12-14 00:00:00.000000','Shipped'),(10358,'Customer requested that DHL is used for this shipping',141,'2004-12-10 00:00:00.000000','2004-12-16 00:00:00.000000','2004-12-16 00:00:00.000000','Shipped'),(10359,NULL,353,'2004-12-15 00:00:00.000000','2004-12-23 00:00:00.000000','2004-12-18 00:00:00.000000','Shipped'),(10360,NULL,496,'2004-12-16 00:00:00.000000','2004-12-22 00:00:00.000000','2004-12-18 00:00:00.000000','Shipped'),(10361,NULL,282,'2004-12-17 00:00:00.000000','2004-12-24 00:00:00.000000','2004-12-20 00:00:00.000000','Shipped'),(10362,NULL,161,'2005-01-05 00:00:00.000000','2005-01-16 00:00:00.000000','2005-01-10 00:00:00.000000','Shipped'),(10363,NULL,334,'2005-01-06 00:00:00.000000','2005-01-12 00:00:00.000000','2005-01-10 00:00:00.000000','Shipped'),(10364,NULL,350,'2005-01-06 00:00:00.000000','2005-01-17 00:00:00.000000','2005-01-09 00:00:00.000000','Shipped'),(10365,NULL,320,'2005-01-07 00:00:00.000000','2005-01-18 00:00:00.000000','2005-01-11 00:00:00.000000','Shipped'),(10366,NULL,381,'2005-01-10 00:00:00.000000','2005-01-19 00:00:00.000000','2005-01-12 00:00:00.000000','Shipped'),(10367,'This order was disputed and resolved on 2/1/2005. Customer claimed that container with shipment was damaged. FedEx`s investigation proved this wrong.',205,'2005-01-12 00:00:00.000000','2005-01-21 00:00:00.000000','2005-01-16 00:00:00.000000','Resolved'),(10368,'Can we renegotiate this one?',124,'2005-01-19 00:00:00.000000','2005-01-27 00:00:00.000000','2005-01-24 00:00:00.000000','Shipped'),(10369,NULL,379,'2005-01-20 00:00:00.000000','2005-01-28 00:00:00.000000','2005-01-24 00:00:00.000000','Shipped'),(10370,NULL,276,'2005-01-20 00:00:00.000000','2005-02-01 00:00:00.000000','2005-01-25 00:00:00.000000','Shipped'),(10371,NULL,124,'2005-01-23 00:00:00.000000','2005-02-03 00:00:00.000000','2005-01-25 00:00:00.000000','Shipped'),(10372,NULL,398,'2005-01-26 00:00:00.000000','2005-02-05 00:00:00.000000','2005-01-28 00:00:00.000000','Shipped'),(10373,NULL,311,'2005-01-31 00:00:00.000000','2005-02-08 00:00:00.000000','2005-02-06 00:00:00.000000','Shipped'),(10374,NULL,333,'2005-02-02 00:00:00.000000','2005-02-09 00:00:00.000000','2005-02-03 00:00:00.000000','Shipped'),(10375,NULL,119,'2005-02-03 00:00:00.000000','2005-02-10 00:00:00.000000','2005-02-06 00:00:00.000000','Shipped'),(10376,NULL,219,'2005-02-08 00:00:00.000000','2005-02-18 00:00:00.000000','2005-02-13 00:00:00.000000','Shipped'),(10377,'Cautious optimism. We have happy customers here, if we can keep them well stocked.  I need all the information I can get on the planned shippments of Porches',186,'2005-02-09 00:00:00.000000','2005-02-21 00:00:00.000000','2005-02-12 00:00:00.000000','Shipped'),(10378,NULL,141,'2005-02-10 00:00:00.000000','2005-02-18 00:00:00.000000','2005-02-11 00:00:00.000000','Shipped'),(10379,NULL,141,'2005-02-10 00:00:00.000000','2005-02-18 00:00:00.000000','2005-02-11 00:00:00.000000','Shipped'),(10380,NULL,141,'2005-02-16 00:00:00.000000','2005-02-24 00:00:00.000000','2005-02-18 00:00:00.000000','Shipped'),(10381,NULL,321,'2005-02-17 00:00:00.000000','2005-02-25 00:00:00.000000','2005-02-18 00:00:00.000000','Shipped'),(10382,'Custom shipping instructions sent to warehouse',124,'2005-02-17 00:00:00.000000','2005-02-23 00:00:00.000000','2005-02-18 00:00:00.000000','Shipped'),(10383,NULL,141,'2005-02-22 00:00:00.000000','2005-03-02 00:00:00.000000','2005-02-25 00:00:00.000000','Shipped'),(10384,NULL,321,'2005-02-23 00:00:00.000000','2005-03-06 00:00:00.000000','2005-02-27 00:00:00.000000','Shipped'),(10385,NULL,124,'2005-02-28 00:00:00.000000','2005-03-09 00:00:00.000000','2005-03-01 00:00:00.000000','Shipped'),(10386,'Disputed then Resolved on 3/15/2005. Customer doesn`t like the craftsmaship of the models.',141,'2005-03-01 00:00:00.000000','2005-03-09 00:00:00.000000','2005-03-06 00:00:00.000000','Resolved'),(10387,'We need to keep in close contact with their Marketing VP. He is the decision maker for all their purchases.',148,'2005-03-02 00:00:00.000000','2005-03-09 00:00:00.000000','2005-03-06 00:00:00.000000','Shipped'),(10388,NULL,462,'2005-03-03 00:00:00.000000','2005-03-11 00:00:00.000000','2005-03-09 00:00:00.000000','Shipped'),(10389,NULL,448,'2005-03-03 00:00:00.000000','2005-03-09 00:00:00.000000','2005-03-08 00:00:00.000000','Shipped'),(10390,'They want to reevaluate their terms agreement with Finance.',124,'2005-03-04 00:00:00.000000','2005-03-11 00:00:00.000000','2005-03-07 00:00:00.000000','Shipped'),(10391,NULL,276,'2005-03-09 00:00:00.000000','2005-03-20 00:00:00.000000','2005-03-15 00:00:00.000000','Shipped'),(10392,NULL,452,'2005-03-10 00:00:00.000000','2005-03-18 00:00:00.000000','2005-03-12 00:00:00.000000','Shipped'),(10393,'They want to reevaluate their terms agreement with Finance.',323,'2005-03-11 00:00:00.000000','2005-03-22 00:00:00.000000','2005-03-14 00:00:00.000000','Shipped'),(10394,NULL,141,'2005-03-15 00:00:00.000000','2005-03-25 00:00:00.000000','2005-03-19 00:00:00.000000','Shipped'),(10395,'We must be cautions with this customer. Their VP of Sales resigned. Company may be heading down.',250,'2005-03-17 00:00:00.000000','2005-03-24 00:00:00.000000','2005-03-23 00:00:00.000000','Shipped'),(10396,NULL,124,'2005-03-23 00:00:00.000000','2005-04-02 00:00:00.000000','2005-03-28 00:00:00.000000','Shipped'),(10397,NULL,242,'2005-03-28 00:00:00.000000','2005-04-09 00:00:00.000000','2005-04-01 00:00:00.000000','Shipped'),(10398,NULL,353,'2005-03-30 00:00:00.000000','2005-04-09 00:00:00.000000','2005-03-31 00:00:00.000000','Shipped'),(10399,NULL,496,'2005-04-01 00:00:00.000000','2005-04-12 00:00:00.000000','2005-04-03 00:00:00.000000','Shipped'),(10400,'Customer requested that DHL is used for this shipping',450,'2005-04-01 00:00:00.000000','2005-04-11 00:00:00.000000','2005-04-04 00:00:00.000000','Shipped'),(10401,'Customer credit limit exceeded. Will ship when a payment is received.',328,'2005-04-03 00:00:00.000000','2005-04-14 00:00:00.000000',NULL,'On Hold'),(10402,NULL,406,'2005-04-07 00:00:00.000000','2005-04-14 00:00:00.000000','2005-04-12 00:00:00.000000','Shipped'),(10403,NULL,201,'2005-04-08 00:00:00.000000','2005-04-18 00:00:00.000000','2005-04-11 00:00:00.000000','Shipped'),(10404,NULL,323,'2005-04-08 00:00:00.000000','2005-04-14 00:00:00.000000','2005-04-11 00:00:00.000000','Shipped'),(10405,NULL,209,'2005-04-14 00:00:00.000000','2005-04-24 00:00:00.000000','2005-04-20 00:00:00.000000','Shipped'),(10406,'Customer claims container with shipment was damaged during shipping and some items were missing. I am talking to FedEx about this.',145,'2005-04-15 00:00:00.000000','2005-04-25 00:00:00.000000','2005-04-21 00:00:00.000000','Disputed'),(10407,'Customer credit limit exceeded. Will ship when a payment is received.',450,'2005-04-22 00:00:00.000000','2005-05-04 00:00:00.000000',NULL,'On Hold'),(10408,NULL,398,'2005-04-22 00:00:00.000000','2005-04-29 00:00:00.000000','2005-04-27 00:00:00.000000','Shipped'),(10409,NULL,166,'2005-04-23 00:00:00.000000','2005-05-05 00:00:00.000000','2005-04-24 00:00:00.000000','Shipped'),(10410,NULL,357,'2005-04-29 00:00:00.000000','2005-05-10 00:00:00.000000','2005-04-30 00:00:00.000000','Shipped'),(10411,NULL,233,'2005-05-01 00:00:00.000000','2005-05-08 00:00:00.000000','2005-05-06 00:00:00.000000','Shipped'),(10412,NULL,141,'2005-05-03 00:00:00.000000','2005-05-13 00:00:00.000000','2005-05-05 00:00:00.000000','Shipped'),(10413,'Customer requested that DHL is used for this shipping',175,'2005-05-05 00:00:00.000000','2005-05-14 00:00:00.000000','2005-05-09 00:00:00.000000','Shipped'),(10414,'Customer credit limit exceeded. Will ship when a payment is received.',362,'2005-05-06 00:00:00.000000','2005-05-13 00:00:00.000000',NULL,'On Hold'),(10415,'Customer claims the scales of the models don`t match what was discussed. I keep all the paperwork though to prove otherwise',471,'2005-05-09 00:00:00.000000','2005-05-20 00:00:00.000000','2005-05-12 00:00:00.000000','Disputed'),(10416,NULL,386,'2005-05-10 00:00:00.000000','2005-05-16 00:00:00.000000','2005-05-14 00:00:00.000000','Shipped'),(10417,'Customer doesn`t like the colors and precision of the models.',141,'2005-05-13 00:00:00.000000','2005-05-19 00:00:00.000000','2005-05-19 00:00:00.000000','Disputed'),(10418,NULL,412,'2005-05-16 00:00:00.000000','2005-05-24 00:00:00.000000','2005-05-20 00:00:00.000000','Shipped'),(10419,NULL,382,'2005-05-17 00:00:00.000000','2005-05-28 00:00:00.000000','2005-05-19 00:00:00.000000','Shipped'),(10420,NULL,282,'2005-05-29 00:00:00.000000','2005-06-07 00:00:00.000000',NULL,'In Process'),(10421,'Custom shipping instructions were sent to warehouse',124,'2005-05-29 00:00:00.000000','2005-06-06 00:00:00.000000',NULL,'In Process'),(10422,NULL,157,'2005-05-30 00:00:00.000000','2005-06-11 00:00:00.000000',NULL,'In Process'),(10423,NULL,314,'2005-05-30 00:00:00.000000','2005-06-05 00:00:00.000000',NULL,'In Process'),(10424,NULL,141,'2005-05-31 00:00:00.000000','2005-06-08 00:00:00.000000',NULL,'In Process'),(10425,NULL,119,'2005-05-31 00:00:00.000000','2005-06-07 00:00:00.000000',NULL,'In Process');

--
-- Dumping data for table `hibernate_sequence`
--

INSERT INTO hibernate_sequence (next_val) VALUES (1),(1),(1),(2);

--
-- Dumping data for table `productlines`
--


INSERT INTO productlines (product_line, html_description, image, text_description) VALUES ('Classic Cars','Attention car enthusiasts: Make your wildest car ownership dreams come true. Whether you are looking for classic muscle cars, dream sports cars or movie-inspired miniatures, you will find great choices in this category. These replicas feature superb atten',NULL,NULL),('Motorcycles','Our motorcycles are state of the art replicas of classic as well as contemporary motorcycle legends such as Harley Davidson, Ducati and Vespa. Models contain stunning details such as official logos, rotating wheels, working kickstand, front suspension, ge',NULL,NULL),('Planes','Unique, diecast airplane and helicopter replicas suitable for collections, as well as home, office or classroom decorations. Models contain stunning details such as official logos and insignias, rotating jet engines and propellers, retractable wheels, and',NULL,NULL),('Ships','The perfect holiday or anniversary gift for executives, clients, friends, and family. These handcrafted model ships are unique, stunning works of art that will be treasured for generations! They come fully assembled and ready for display in the home or of',NULL,NULL),('Trains','Model trains are a rewarding hobby for enthusiasts of all ages. Whether you`re looking for collectible wooden trains, electric streetcars or locomotives, you`ll find a number of great choices for any budget within this category. The interactive aspect of ',NULL,NULL),('Trucks and Buses','The Truck and Bus models are realistic replicas of buses and specialized trucks produced from the early 1920s to present. The models range in size from 1:12 to 1:50 scale and include numerous limited edition and several out-of-production vehicles. Materia',NULL,NULL),('Vintage Cars','Our Vintage Car models realistically portray automobiles produced from the early 1900s through the 1940s. Materials used include Bakelite, diecast, plastic and wood. Most of the replicas are in the 1:18 and 1:24 scale sizes, which provide the optimum in d',NULL,NULL);


--
-- Dumping data for table `products`
--

INSERT INTO products (product_code, msrp, buy_price, product_description, product_line, product_name, product_scale, product_vendor, quantity_in_stock) VALUES ('S10_1678',95.7,48.81,'This replica features working kickstand, front suspension, gear-shift lever, footbrake lever, drive chain, wheels and steering. All parts are particularly delicate due to their precise scale and require special care and attention.','Motorcycles','1969 Harley Davidson Ultimate Chopper','1:10','Min Lin Diecast',7933),('S10_1949',214.3,98.58,'Turnable front wheels; steering function; detailed interior; detailed engine; opening hood; opening trunk; opening doors; and detailed chassis.','Classic Cars','1952 Alpine Renault 1300','1:10','Classic Metal Creations',7305),('S10_2016',118.94,68.99,'Official Moto Guzzi logos and insignias, saddle bags located on side of motorcycle, detailed engine, working steering, working suspension, two leather seats, luggage rack, dual exhaust pipes, small saddle bag located on handle bars, two-tone paint with ch','Motorcycles','1996 Moto Guzzi 1100i','1:10','Highway 66 Mini Classics',6625),('S10_4698',193.66,91.02,'Model features, official Harley Davidson logos and insignias, detachable rear wheelie bar, heavy diecast metal with resin parts, authentic multi-color tampo-printed graphics, separate engine drive belts, free-turning front fork, rotating tires and rear ra','Motorcycles','2003 Harley-Davidson Eagle Drag Bike','1:10','Red Start Diecast',5582),('S10_4757',136,85.68,'Features include: Turnable front wheels; steering function; detailed interior; detailed engine; opening hood; opening trunk; opening doors; and detailed chassis.','Classic Cars','1972 Alfa Romeo GTA','1:10','Motor City Art Classics',3252),('S10_4962',147.74,103.42,'Features include: Turnable front wheels; steering function; detailed interior; detailed engine; opening hood; opening trunk; opening doors; and detailed chassis.','Classic Cars','1962 LanciaA Delta 16V','1:10','Second Gear Diecast',6791),('S12_1099',194.57,95.34,'Hood, doors and trunk all open to reveal highly detailed interior features. Steering wheel actually turns the front wheels. Color dark green.','Classic Cars','1968 Ford Mustang','1:12','Autoart Studio Design',68),('S12_1108',207.8,95.59,'Turnable front wheels; steering function; detailed interior; detailed engine; opening hood; opening trunk; opening doors; and detailed chassis.','Classic Cars','2001 Ferrari Enzo','1:12','Second Gear Diecast',3619),('S12_1666',136.67,77.9,'Model features 30 windows, skylights & glare resistant glass, working steering system, original logos','Trucks and Buses','1958 Setra Bus','1:12','Welly Diecast Productions',1579),('S12_2823',150.62,66.27,'Official logos and insignias, saddle bags located on side of motorcycle, detailed engine, working steering, working suspension, two leather seats, luggage rack, dual exhaust pipes, small saddle bag located on handle bars, two-tone paint with chrome accent','Motorcycles','2002 Suzuki XREO','1:12','Unimax Art Galleries',9997),('S12_3148',151.08,89.14,'1:18 scale die-cast about 10\" long doors open, hood opens, trunk opens and wheels roll','Classic Cars','1969 Corvair Monza','1:18','Welly Diecast Productions',6906),('S12_3380',117.44,75.16,'1:12 scale model of a 1968 Dodge Charger. Hood, doors and trunk all open to reveal highly detailed interior features. Steering wheel actually turns the front wheels. Color black','Classic Cars','1968 Dodge Charger','1:12','Welly Diecast Productions',9123),('S12_3891',173.02,83.05,'Turnable front wheels; steering function; detailed interior; detailed engine; opening hood; opening trunk; opening doors; and detailed chassis.','Classic Cars','1969 Ford Falcon','1:12','Second Gear Diecast',1049),('S12_3990',79.8,31.92,'Very detailed 1970 Plymouth Cuda model in 1:12 scale. The Cuda is generally accepted as one of the fastest original muscle cars from the 1970s. This model is a reproduction of one of the orginal 652 cars built in 1970. Red color.','Classic Cars','1970 Plymouth Hemi Cuda','1:12','Studio M Art Models',5663),('S12_4473',118.5,55.7,'1:12 scale die-cast about 20\" long Hood opens, Rubber wheels','Trucks and Buses','1957 Chevy Pickup','1:12','Exoto Designs',6125),('S12_4675',115.16,58.73,'Detailed model of the 1969 Dodge Charger. This model includes finely detailed interior and exterior features. Painted in red and white.','Classic Cars','1969 Dodge Charger','1:12','Welly Diecast Productions',7323),('S18_1097',116.67,58.33,'This model features soft rubber tires, working steering, rubber mud guards, authentic Ford logos, detailed undercarriage, opening doors and hood,  removable split rear gate, full size spare mounted in bed, detailed interior with opening glove box','Trucks and Buses','1940 Ford Pickup Truck','1:18','Studio M Art Models',2613),('S18_1129',141.54,83.51,'This model features, opening hood, opening doors, detailed engine, rear spoiler, opening trunk, working steering, tinted windows, baked enamel finish. Color red.','Classic Cars','1993 Mazda RX-7','1:18','Highway 66 Mini Classics',3975),('S18_1342',102.74,60.62,'Features opening engine cover, doors, trunk, and fuel filler cap. Color black','Vintage Cars','1937 Lincoln Berline','1:18','Motor City Art Classics',8693),('S18_1367',53.91,24.26,'This 1:18 scale replica is constructed of heavy die-cast metal and has all the features of the original: working doors and rumble seat, independent spring suspension, detailed interior, working steering system, and a bifold hood that reveals an engine so ','Vintage Cars','1936 Mercedes-Benz 500K Special Roadster','1:18','Studio M Art Models',8635),('S18_1589',124.44,65.96,'Die-cast model of the silver 1965 Aston Martin DB5 in silver. This model includes full wire wheels and doors that open with fully detailed passenger compartment. In 1:18 scale, this model measures approximately 10 inches/20 cm long.','Classic Cars','1965 Aston Martin DB5','1:18','Classic Metal Creations',9042),('S18_1662',157.69,77.27,'1:18 scale replica of actual Army`s UH-60L BLACK HAWK Helicopter. 100% hand-assembled. Features rotating rotor blades, propeller blades and rubber wheels.','Planes','1980s Black Hawk Helicopter','1:18','Red Start Diecast',5330),('S18_1749',170,86.7,'This 1:18 scale replica of the 1917 Grand Touring car has all the features you would expect from museum quality reproductions: all four doors and bi-fold hood opening, detailed engine and instrument panel, chrome-look trim, and tufted upholstery, all topp','Vintage Cars','1917 Grand Touring Sedan','1:18','Welly Diecast Productions',2724),('S18_1889',77,53.9,'This precision die-cast replica features opening doors, superb detail and craftsmanship, working steering system, opening forward compartment, opening rear trunk with removable spare, 4 wheel independent spring suspension as well as factory baked enamel f','Classic Cars','1948 Porsche 356-A Roadster','1:18','Gearbox Collectibles',8826),('S18_1984',142.25,93.89,'This model features, opening hood, opening doors, detailed engine, rear spoiler, opening trunk, working steering, tinted windows, baked enamel finish. Color yellow.','Classic Cars','1995 Honda Civic','1:18','Min Lin Diecast',9772),('S18_2238',163.73,101.51,'Turnable front wheels; steering function; detailed interior; detailed engine; opening hood; opening trunk; opening doors; and detailed chassis.','Classic Cars','1998 Chrysler Plymouth Prowler','1:18','Gearbox Collectibles',4724),('S18_2248',60.54,33.3,'Features opening hood, opening doors, opening trunk, wide white wall tires, front door arm rests, working steering system.','Vintage Cars','1911 Ford Town Car','1:18','Motor City Art Classics',540),('S18_2319',122.73,74.86,'Exact replica. 100+ parts. working steering system, original logos','Trucks and Buses','1964 Mercedes Tour Bus','1:18','Unimax Art Galleries',8258),('S18_2325',127.13,58.48,'This model features grille-mounted chrome horn, lift-up louvered hood, fold-down rumble seat, working steering system, chrome-covered spare, opening doors, detailed and wired engine','Vintage Cars','1932 Model A Ford J-Coupe','1:18','Autoart Studio Design',9354),('S18_2432',60.77,24.92,'Gleaming red handsome appearance. Everything is here the fire hoses, ladder, axes, bells, lanterns, ready to fight any inferno.','Trucks and Buses','1926 Ford Fire Engine','1:18','Carousel DieCast Legends',2018),('S18_2581',84.48,49,'Has retractable wheels and comes with a stand','Planes','P-51-D Mustang','1:72','Gearbox Collectibles',992),('S18_2625',60.57,24.23,'Intricately detailed with chrome accents and trim, official die-struck logos and baked enamel finish.','Motorcycles','1936 Harley Davidson El Knucklehead','1:18','Welly Diecast Productions',4357),('S18_2795',168.75,72.56,'This 1:18 replica features grille-mounted chrome horn, lift-up louvered hood, fold-down rumble seat, working steering system, chrome-covered spare, opening doors, detailed and wired engine. Color black.','Vintage Cars','1928 Mercedes-Benz SSK','1:18','Gearbox Collectibles',548),('S18_2870',132,56.76,'Features include opening and closing doors. Color: Red','Classic Cars','1999 Indy 500 Monte Carlo SS','1:18','Red Start Diecast',8164),('S18_2949',101.31,60.78,'This 250 part reproduction includes moving handbrakes, clutch, throttle and foot pedals, squeezable horn, detailed wired engine, removable water, gas, and oil cans, pivoting monocle windshield, all topped with a baked enamel red finish. Each replica comes','Vintage Cars','1913 Ford Model T Speedster','1:18','Carousel DieCast Legends',4189),('S18_2957',62.46,34.35,'Chrome Trim, Chrome Grille, Opening Hood, Opening Doors, Opening Trunk, Detailed Engine, Working Steering System','Vintage Cars','1934 Ford V8 Coupe','1:18','Min Lin Diecast',5649),('S18_3029',86.02,51.61,'Exact replica. Wood and Metal. Many extras including rigging, long boats, pilot house, anchors, etc. Comes with three masts, all square-rigged.','Ships','1999 Yamaha Speed Boat','1:18','Min Lin Diecast',4259),('S18_3136',104.72,60.74,'Hand crafted diecast-like metal horse carriage is re-created in about 1:18 scale of antique horse carriage. This antique style metal Stagecoach is all hand-assembled with many different parts.This collectible metal horse carriage is painted in classic','Vintage Cars','18th Century Vintage Horse Carriage','1:18','Red Start Diecast',5992),('S18_3140',136.59,68.3,'Features opening trunk,  working steering system','Vintage Cars','1903 Ford Model A','1:18','Unimax Art Galleries',3913),('S18_3232',169.34,77.9,'his replica features opening doors, superb detail and craftsmanship, working steering system, opening forward compartment, opening rear trunk with removable spare, 4 wheel independent spring suspension as well as factory baked enamel finish.','Classic Cars','1992 Ferrari 360 Spider red','1:18','Unimax Art Galleries',8347),('S18_3233',107.57,57.01,'This model features soft rubber tires, working steering, rubber mud guards, authentic Ford logos, detailed undercarriage, opening doors and hood, removable split rear gate, full size spare mounted in bed, detailed interior with opening glove box','Classic Cars','1985 Toyota Supra','1:18','Highway 66 Mini Classics',7733),('S18_3259',100.84,67.56,'Hand crafted wooden toy train set is in about 1:18 scale, 25 inches in total length including 2 additional carts, of actual vintage train. This antique style wooden toy train model set is all hand-assembled with 100% wood.','Trains','Collectable Wooden Train','1:18','Carousel DieCast Legends',6450),('S18_3278',80.41,49.05,'This replica features opening doors, superb detail and craftsmanship, working steering system, opening forward compartment, opening rear trunk with removable spare, 4 wheel independent spring suspension as well as factory baked enamel finish.','Classic Cars','1969 Dodge Super Bee','1:18','Min Lin Diecast',1917),('S18_3320',99.21,57.54,'Features Gold Trim, Full Size Spare Tire, Chrome Trim, Chrome Grille, Opening Hood, Opening Doors, Opening Trunk, Detailed Engine, Working Steering System','Vintage Cars','1917 Maxwell Touring Car','1:18','Exoto Designs',7913),('S18_3482',146.99,73.49,'Highly detailed 1976 Ford Gran Torino \"Starsky and Hutch\" diecast model. Very well constructed and painted in red and white patterns.','Classic Cars','1976 Ford Gran Torino','1:18','Gearbox Collectibles',9127),('S18_3685',141.28,62.16,'This model features working front and rear suspension on accurately replicated and actuating shock absorbers as well as opening engine cover, rear stabilizer flap,  and 4 opening doors.','Classic Cars','1948 Porsche Type 356 Roadster','1:18','Gearbox Collectibles',8990),('S18_3782',62.17,32.95,'Features rotating wheels , working kick stand. Comes with stand.','Motorcycles','1957 Vespa GS150','1:18','Studio M Art Models',7689),('S18_3856',105.87,64.58,'Features opening hood, opening doors, opening trunk, wide white wall tires, front door arm rests, working steering system, leather upholstery. Color black.','Vintage Cars','1941 Chevrolet Special Deluxe Cabriolet','1:18','Exoto Designs',2378),('S18_4027',143.62,91.92,'Features include opening and closing doors. Color: White.','Classic Cars','1970 Triumph Spitfire','1:18','Min Lin Diecast',5545),('S18_4409',92.03,43.26,'This 1:18 scale precision die cast replica features the 6 front headlights of the original, plus a detailed version of the 142 horsepower straight 8 engine, dual spares and their famous comprehensive dashboard. Color black.','Vintage Cars','1932 Alfa Romeo 8C2300 Spider Sport','1:18','Exoto Designs',6553),('S18_4522',87.77,52.66,'Features opening trunk,  working steering system','Vintage Cars','1904 Buick Runabout','1:18','Exoto Designs',8290),('S18_4600',121.08,84.76,'This 1940s Ford Pick-Up truck is re-created in 1:18 scale of original 1940s Ford truck. This antique style metal 1940s Ford Flatbed truck is all hand-assembled. This collectible 1940`s Pick-Up truck is painted in classic dark green color, and features rot','Trucks and Buses','1940s Ford truck','1:18','Motor City Art Classics',3128),('S18_4668',50.31,23.14,'Features completely detailed interior including Velvet flocked drapes,deluxe wood grain floor, and a wood grain casket with seperate chrome handles','Vintage Cars','1939 Cadillac Limousine','1:18','Studio M Art Models',6645),('S18_4721',148.8,69.93,'1957 die cast Corvette Convertible in Roman Red with white sides and whitewall tires. 1:18 scale quality die-cast with detailed engine and underbvody. Now you can own The Classic Corvette.','Classic Cars','1957 Corvette Convertible','1:18','Classic Metal Creations',1249),('S18_4933',71.27,34.21,'This 1:18 scale precision die-cast replica, with its optional porthole hardtop and factory baked-enamel Thunderbird Bronze finish, is a 100% accurate rendition of this American classic.','Classic Cars','1957 Ford Thunderbird','1:18','Studio M Art Models',3209),('S24_1046',73.49,49.24,'This model features rotating wheels, working streering system and opening doors. All parts are particularly delicate due to their precise scale and require special care and attention. It should not be picked up by the doors, roof, hood or trunk.','Classic Cars','1970 Chevy Chevelle SS 454','1:24','Unimax Art Galleries',1005),('S24_1444',57.8,32.37,'1:24 scale die-cast about 18\" long doors open, hood opens and rubber wheels','Classic Cars','1970 Dodge Coronet','1:24','Highway 66 Mini Classics',4074),('S24_1578',112.7,60.86,'Detailed scale replica with working suspension and constructed from over 70 parts','Motorcycles','1997 BMW R 1100 S','1:24','Autoart Studio Design',7003),('S24_1628',50.31,29.18,'This diecast model of the 1966 Shelby Cobra 427 S/C includes many authentic details and operating parts. The 1:24 scale model of this iconic lighweight sports car from the 1960s comes in silver and it`s own display case.','Classic Cars','1966 Shelby Cobra 427 S/C','1:24','Carousel DieCast Legends',8197),('S24_1785',109.42,66.74,'Official logos and insignias','Planes','1928 British Royal Navy Airplane','1:24','Classic Metal Creations',3627),('S24_1937',33.19,22.57,'This 1:24 scale die-cast replica of the 1939 Chevrolet Deluxe Coupe has the same classy look as the original. Features opening trunk, hood and doors and a showroom quality baked enamel finish.','Vintage Cars','1939 Chevrolet Deluxe Coupe','1:24','Motor City Art Classics',7332),('S24_2000',76.17,37.32,'Detailed scale replica with working suspension and constructed from over 70 parts','Motorcycles','1960 BSA Gold Star DBD34','1:24','Highway 66 Mini Classics',15),('S24_2011',122.89,82.34,'All wood with canvas sails. Many extras including rigging, long boats, pilot house, anchors, etc. Comes with 4 masts, all square-rigged.','Ships','18th century schooner','1:24','Carousel DieCast Legends',1898),('S24_2022',44.8,20.61,'This 1:24 scale precision die cast replica of the 1938 Cadillac V-16 Presidential Limousine has all the details of the original, from the flags on the front to an opening back seat compartment complete with telephone and rifle. Features factory baked-enam','Vintage Cars','1938 Cadillac V-16 Presidential Limousine','1:24','Classic Metal Creations',2847),('S24_2300',127.79,61.34,'This 1:18 scale die cast replica of the 1962 Microbus is loaded with features: A working steering system, opening front doors and tailgate, and famous two-tone factory baked enamel finish, are all topped of by the sliding, real fabric, sunroof.','Trucks and Buses','1962 Volkswagen Microbus','1:24','Autoart Studio Design',2327),('S24_2360',69.26,47.1,'Features two-tone paint with chrome accents, superior die-cast detail , rotating wheels , working kick stand','Motorcycles','1982 Ducati 900 Monster','1:24','Highway 66 Mini Classics',6840),('S24_2766',90.87,47.25,'Precision-engineered from original Jaguar specification in perfect scale ratio. Features opening doors, superb detail and craftsmanship, working steering system, opening forward compartment, opening rear trunk with removable spare, 4 wheel independent spr','Classic Cars','1949 Jaguar XK 120','1:24','Classic Metal Creations',2350),('S24_2840',35.36,15.91,'The operating parts of this 1958 Chevy Corvette Limited Edition are particularly delicate due to their precise scale and require special care and attention. Features rotating wheels, working streering, opening doors and trunk. Color dark green.','Classic Cars','1958 Chevy Corvette Limited Edition','1:24','Carousel DieCast Legends',2542),('S24_2841',68.51,34.25,'Hand crafted diecast-like metal bi-plane is re-created in about 1:24 scale of antique pioneer airplane. All hand-assembled with many different parts. Hand-painted in classic yellow and features correct markings of original airplane.','Planes','1900s Vintage Bi-Plane','1:24','Autoart Studio Design',5942),('S24_2887',117.44,72.82,'Precision crafted hand-assembled 1:18 scale reproduction of the 1952 15CV, with its independent spring suspension, working steering system, opening doors and hood, detailed engine and instrument panel, all topped of with a factory fresh baked enamel finis','Classic Cars','1952 Citroen-15CV','1:24','Exoto Designs',1452),('S24_2972',37.76,16.24,'This replica features opening doors, superb detail and craftsmanship, working steering system, opening forward compartment, opening rear trunk with removable spare, 4 wheel independent spring suspension as well as factory baked enamel finish.','Classic Cars','1982 Lamborghini Diablo','1:24','Second Gear Diecast',7723),('S24_3151',88.51,46.91,'This model features chrome trim and grille, opening hood, opening doors, opening trunk, detailed engine, working steering system. Color white.','Vintage Cars','1912 Ford Model T Delivery Wagon','1:24','Min Lin Diecast',9173),('S24_3191',85.61,50.51,'1969 Z/28 Chevy Camaro 1:24 scale replica. The operating parts of this limited edition 1:24 scale diecast model car 1969 Chevy Camaro Z28- hood, trunk, wheels, streering, suspension and doors- are particularly delicate due to their precise scale and requi','Classic Cars','1969 Chevrolet Camaro Z28','1:24','Exoto Designs',4695),('S24_3371',61.23,38.58,'This 1971 Alpine Renault 1600s replica Features opening doors, superb detail and craftsmanship, working steering system, opening forward compartment, opening rear trunk with removable spare, 4 wheel independent spring suspension as well as factory baked e','Classic Cars','1971 Alpine Renault 1600s','1:24','Welly Diecast Productions',7995),('S24_3420',65.75,26.3,'Features opening hood, opening doors, opening trunk, wide white wall tires, front door arm rests, working steering system','Vintage Cars','1937 Horch 930V Limousine','1:24','Autoart Studio Design',2902),('S24_3432',107.08,62.11,'The operating parts of this limited edition Diecast 2002 Chevy Corvette 50th Anniversary Pace car Limited Edition are particularly delicate due to their precise scale and require special care and attention. Features rotating wheels, poseable streering, op','Classic Cars','2002 Chevy Corvette','1:24','Gearbox Collectibles',9446),('S24_3816',83.86,48.64,'Chrome Trim, Chrome Grille, Opening Hood, Opening Doors, Opening Trunk, Detailed Engine, Working Steering System. Color black.','Vintage Cars','1940 Ford Delivery Sedan','1:24','Carousel DieCast Legends',6621),('S24_3856',140.43,98.3,'Features include: Turnable front wheels; steering function; detailed interior; detailed engine; opening hood; opening trunk; opening doors; and detailed chassis.','Classic Cars','1956 Porsche 356A Coupe','1:18','Classic Metal Creations',6600),('S24_3949',68.24,29.34,'Has retractable wheels and comes with a stand. Official logos and insignias.','Planes','Corsair F4U ( Bird Cage)','1:24','Second Gear Diecast',6812),('S24_3969',41.03,21.75,'This model features grille-mounted chrome horn, lift-up louvered hood, fold-down rumble seat, working steering system and rubber wheels. Color black.','Vintage Cars','1936 Mercedes Benz 500k Roadster','1:24','Red Start Diecast',2081),('S24_4048',118.28,69.78,'This replica features opening doors, superb detail and craftsmanship, working steering system, opening forward compartment, opening rear trunk with removable spare, 4 wheel independent spring suspension as well as factory baked enamel finish.','Classic Cars','1992 Porsche Cayenne Turbo Silver','1:24','Exoto Designs',6582),('S24_4258',97.39,57.46,'Features opening trunk,  working steering system. Color dark green.','Vintage Cars','1936 Chrysler Airflow','1:24','Second Gear Diecast',4710),('S24_4278',72.45,36.23,'Hand crafted diecast-like metal Triplane is Re-created in about 1:24 scale of antique pioneer airplane. This antique style metal triplane is all hand-assembled with many different parts.','Planes','1900s Vintage Tri-Plane','1:24','Unimax Art Galleries',2756),('S24_4620',80.84,32.33,'This 1:18 scale precision die-cast reproduction of the 1961 Chevrolet Impala has all the features-doors, hood and trunk that open; detailed 409 cubic-inch engine; chrome dashboard and stick shift, two-tone interior; working steering system; all topped of ','Classic Cars','1961 Chevrolet Impala','1:18','Classic Metal Creations',7869),('S32_1268',96.31,53.93,'This 1980’s era new look Manhattan express is still active, running from the Bronx to mid-town Manhattan. Has 35 opeining windows and working lights. Needs a battery.','Trucks and Buses','1980’s GM Manhattan Express','1:32','Motor City Art Classics',5099),('S32_1374',99.89,66.92,'Features official die-struck logos and baked enamel finish. Comes with stand.','Motorcycles','1997 BMW F650 ST','1:32','Exoto Designs',178),('S32_2206',40.23,24.14,'Features rotating wheels , working kick stand. Comes with stand.','Motorcycles','1982 Ducati 996 R','1:32','Gearbox Collectibles',9241),('S32_2509',54.11,25.98,'Model features bi-level seating, 50 windows, skylights & glare resistant glass, working steering system, original logos','Trucks and Buses','1954 Greyhound Scenicruiser','1:32','Classic Metal Creations',2874),('S32_3207',62.14,26.72,'This streetcar is a joy to see. It has 80 separate windows, electric wire guides, detailed interiors with seats, poles and drivers controls, rolling and turning wheel assemblies, plus authentic factory baked-enamel finishes (Green Hornet for Chicago and C','Trains','1950`s Chicago Surface Lines Streetcar','1:32','Gearbox Collectibles',8601),('S32_3522',64.64,33.61,'This model features, opening doors, detailed engine, working steering, tinted windows, detailed interior, die-struck logos, removable stakes operating outriggers, detachable second trailer, functioning 360-degree self loader, precision molded resin traile','Trucks and Buses','1996 Peterbilt 379 Stake Bed with Outrigger','1:32','Red Start Diecast',814),('S32_4289',68.79,33.02,'This model features grille-mounted chrome horn, lift-up louvered hood, fold-down rumble seat, working steering system','Vintage Cars','1928 Ford Phaeton Deluxe','1:32','Highway 66 Mini Classics',136),('S32_4485',102.05,56.13,'This model features two-tone paint with chrome accents, superior die-cast detail , rotating wheels , working kick stand','Motorcycles','1974 Ducati 350 Mk3 Desmo','1:32','Second Gear Diecast',3341),('S50_1341',43.64,27.06,'Features opening trunk,  working steering system','Vintage Cars','1930 Buick Marquette Phaeton','1:50','Studio M Art Models',7062),('S50_1392',115.75,68.29,'This limited edition model is licensed and perfectly scaled for Lionel Trains. The Diamond T620 has been produced in solid precision diecast and painted with a fire baked enamel finish. It comes with a removable tanker and is a perfect model to add authen','Trucks and Buses','Diamond T620 Semi-Skirted Tanker','1:50','Highway 66 Mini Classics',1016),('S50_1514',58.58,37.49,'This streetcar is a joy to see. It has 99 separate windows, electric wire guides, detailed interiors with seats, poles and drivers controls, rolling and turning wheel assemblies, plus authentic factory baked-enamel finishes (Green Hornet for Chicago and C','Trains','1962 City of Detroit Streetcar','1:50','Classic Metal Creations',1645),('S50_4713',81.36,34.17,'Features rotating wheels , working kick stand. Comes with stand.','Motorcycles','2002 Yamaha YZR M1','1:50','Autoart Studio Design',600),('S700_1138',66.67,34,'All wood with canvas sails. Measures 31 1/2 inches in Length, 22 inches High and 4 3/4 inches Wide. Many extras.\r\nThe schooner Bluenose was built in Nova Scotia in 1921 to fish the rough waters off the coast of Newfoundland. Because of the Bluenose racing','Ships','The Schooner Bluenose','1:700','Autoart Studio Design',1897),('S700_1691',91.34,51.15,'Exact replia with official logos and insignias and retractable wheels','Planes','American Airlines: B767-300','1:700','Min Lin Diecast',5841),('S700_1938',86.61,43.3,'Measures 31 1/2 inches Long x 25 1/2 inches High x 10 5/8 inches Wide\r\nAll wood with canvas sail. Extras include long boats, rigging, ladders, railing, anchors, side cannons, hand painted, etc.','Ships','The Mayflower','1:700','Studio M Art Models',737),('S700_2047',90.52,39.83,'Measures 30 inches Long x 27 1/2 inches High x 4 3/4 inches Wide. \r\nMany extras including rigging, long boats, pilot house, anchors, etc. Comes with three masts, all square-rigged.','Ships','HMS Bounty','1:700','Unimax Art Galleries',3501),('S700_2466',99.72,68.8,'Official logos and insignias. Working steering system. Rotating jet engines','Planes','America West Airlines B757-200','1:700','Motor City Art Classics',9653),('S700_2610',72.28,33.97,'All wood with canvas sails. Measures 31 1/2\" Length x 22 3/8\" High x 8 1/4\" Width. Extras include 4 boats on deck, sea sprite on bow, anchors, copper railing, pilot houses, etc.','Ships','The USS Constitution Ship','1:700','Red Start Diecast',7083),('S700_2824',101.15,46.53,'Features include opening and closing doors. Color: White. \r\nMeasures approximately 9 1/2\" Long.','Classic Cars','1982 Camaro Z28','1:18','Carousel DieCast Legends',6934),('S700_2834',118.65,59.33,'Exact replia with official logos and insignias and retractable wheels','Planes','ATA: B757-300','1:700','Highway 66 Mini Classics',7106),('S700_3167',80,54.4,'10\" Wingspan with retractable landing gears.Comes with pilot','Planes','F/A 18 Hornet 1/72','1:72','Motor City Art Classics',551),('S700_3505',100.17,51.09,'Completed model measures 19 1/2 inches long, 9 inches high, 3inches wide and is in barn red/black. All wood and metal.','Ships','The Titanic','1:700','Carousel DieCast Legends',1956),('S700_3962',99.31,53.63,'Exact replica. Wood and Metal. Many extras including rigging, long boats, pilot house, anchors, etc. Comes with three masts, all square-rigged.','Ships','The Queen Mary','1:700','Welly Diecast Productions',5088),('S700_4002',74.03,36.27,'Polished finish. Exact replia with official logos and insignias and retractable wheels','Planes','American Airlines: MD-11S','1:700','Second Gear Diecast',8820),('S72_1253',49.66,32.77,'10\" Wingspan with retractable landing gears.Comes with pilot','Planes','Boeing X-32A JSF','1:72','Motor City Art Classics',4857),('S72_3212',54.6,33.3,'Measures 38 inches Long x 33 3/4 inches High. Includes a stand.\r\nMany extras including rigging, long boats, pilot house, anchors, etc. Comes with 2 masts, all square-rigged','Ships','Pont Yacht','1:72','Unimax Art Galleries',414);

--
-- Dumping data for table `orderdetails`
--


INSERT INTO orderdetails (order_number, product_code, order_line_number, price_each, quantity_ordered) VALUES (10100,'S18_1749',3,136,30),(10100,'S18_2248',2,55.09,50),(10100,'S18_4409',4,75.46,22),(10100,'S24_3969',1,35.29,49),(10101,'S18_2325',4,108.06,25),(10101,'S18_2795',1,167.06,26),(10101,'S24_1937',3,32.53,45),(10101,'S24_2022',2,44.35,46),(10102,'S18_1342',2,95.55,39),(10102,'S18_1367',1,43.13,41),(10103,'S10_1949',11,214.3,26),(10103,'S10_4962',4,119.67,42),(10103,'S12_1666',8,121.64,27),(10103,'S18_1097',10,94.5,35),(10103,'S18_2432',2,58.34,22),(10103,'S18_2949',12,92.19,27),(10103,'S18_2957',14,61.84,35),(10103,'S18_3136',13,86.92,25),(10103,'S18_3320',16,86.31,46),(10103,'S18_4600',5,98.07,36),(10103,'S18_4668',9,40.75,41),(10103,'S24_2300',1,107.34,36),(10103,'S24_4258',15,88.62,25),(10103,'S32_1268',3,92.46,31),(10103,'S32_3522',7,63.35,45),(10103,'S700_2824',6,94.07,42),(10104,'S12_3148',1,131.44,34),(10104,'S12_4473',9,111.39,41),(10104,'S18_2238',8,135.9,24),(10104,'S18_2319',12,122.73,29),(10104,'S18_3232',13,165.95,23),(10104,'S18_4027',3,119.2,38),(10104,'S24_1444',6,52.02,35),(10104,'S24_2840',10,30.41,44),(10104,'S24_4048',5,106.45,26),(10104,'S32_2509',11,51.95,35),(10104,'S32_3207',4,56.55,49),(10104,'S50_1392',7,114.59,33),(10104,'S50_1514',2,53.31,32),(10105,'S10_4757',2,127.84,50),(10105,'S12_1108',15,205.72,41),(10105,'S12_3891',14,141.88,29),(10105,'S18_3140',11,136.59,22),(10105,'S18_3259',13,87.73,38),(10105,'S18_4522',10,75.48,41),(10105,'S24_2011',9,117.97,43),(10105,'S24_3151',4,73.46,44),(10105,'S24_3816',1,75.47,50),(10105,'S700_1138',5,54,41),(10105,'S700_1938',12,86.61,29),(10105,'S700_2610',3,60.72,31),(10105,'S700_3505',6,92.16,39),(10105,'S700_3962',7,99.31,22),(10105,'S72_3212',8,44.77,25),(10106,'S18_1662',12,134.04,36),(10106,'S18_2581',2,81.1,34),(10106,'S18_3029',18,80.86,41),(10106,'S18_3856',17,94.22,41),(10106,'S24_1785',4,107.23,28),(10106,'S24_2841',13,65.77,49),(10106,'S24_3420',14,55.89,31),(10106,'S24_3949',11,55.96,50),(10106,'S24_4278',3,71,26),(10106,'S32_4289',5,65.35,33),(10106,'S50_1341',6,35.78,39),(10106,'S700_1691',7,91.34,31),(10106,'S700_2047',16,85.09,30),(10106,'S700_2466',9,99.72,34),(10106,'S700_2834',1,113.9,32),(10106,'S700_3167',8,76,44),(10106,'S700_4002',10,70.33,48),(10106,'S72_1253',15,43.7,48),(10107,'S10_1678',2,81.35,30),(10107,'S10_2016',5,105.86,39),(10107,'S10_4698',4,172.36,27),(10107,'S12_2823',1,122,21),(10107,'S18_2625',6,52.7,29),(10107,'S24_1578',3,96.92,25),(10107,'S24_2000',7,73.12,38),(10107,'S32_1374',8,88.9,20),(10108,'S12_1099',6,165.38,33),(10108,'S12_3380',4,96.3,45),(10108,'S12_3990',7,75.81,39),(10108,'S12_4675',3,107.1,36),(10108,'S18_1889',2,67.76,38),(10108,'S18_3278',9,73.17,26),(10108,'S18_3482',8,132.29,29),(10108,'S18_3782',12,52.84,43),(10108,'S18_4721',11,139.87,44),(10108,'S24_2360',15,64.41,35),(10108,'S24_3371',5,60.01,30),(10108,'S24_3856',1,132,40),(10108,'S24_4620',10,67.1,31),(10108,'S32_2206',13,36.21,27),(10108,'S32_4485',16,87.76,31),(10108,'S50_4713',14,74.85,34),(10109,'S18_1129',4,117.48,26),(10109,'S18_1984',3,137.98,38),(10109,'S18_2870',1,126.72,26),(10109,'S18_3232',5,160.87,46),(10109,'S18_3685',2,125.74,47),(10109,'S24_2972',6,32.1,29),(10110,'S18_1589',16,118.22,37),(10110,'S18_1749',7,153,42),(10110,'S18_2248',6,51.46,32),(10110,'S18_2325',4,115.69,33),(10110,'S18_2795',1,163.69,31),(10110,'S18_4409',8,81.91,28),(10110,'S18_4933',9,62,42),(10110,'S24_1046',13,72.02,36),(10110,'S24_1628',15,43.27,29),(10110,'S24_1937',3,28.88,20),(10110,'S24_2022',2,40.77,39),(10110,'S24_2766',11,82.69,43),(10110,'S24_2887',10,112.74,46),(10110,'S24_3191',12,80.47,27),(10110,'S24_3432',14,96.37,37),(10110,'S24_3969',5,35.29,48),(10111,'S18_1342',6,87.33,33),(10111,'S18_1367',5,48.52,48),(10111,'S18_2957',2,53.09,28),(10111,'S18_3136',1,94.25,43),(10111,'S18_3320',4,91.27,39),(10111,'S24_4258',3,85.7,26),(10112,'S10_1949',1,197.16,29),(10112,'S18_2949',2,85.1,23),(10113,'S12_1666',2,121.64,21),(10113,'S18_1097',4,101.5,49),(10113,'S18_4668',3,43.27,50),(10113,'S32_3522',1,58.82,23),(10114,'S10_4962',8,128.53,31),(10114,'S18_2319',3,106.78,39),(10114,'S18_2432',6,53.48,45),(10114,'S18_3232',4,169.34,48),(10114,'S18_4600',9,105.34,41),(10114,'S24_2300',5,102.23,21),(10114,'S24_2840',1,28.64,24),(10114,'S32_1268',7,88.61,32),(10114,'S32_2509',2,43.83,28),(10114,'S700_2824',10,82.94,42),(10115,'S12_4473',5,111.39,46),(10115,'S18_2238',4,140.81,46),(10115,'S24_1444',2,56.64,47),(10115,'S24_4048',1,106.45,44),(10115,'S50_1392',3,100.7,27),(10116,'S32_3207',1,60.28,27),(10117,'S12_1108',9,195.33,33),(10117,'S12_3148',10,148.06,43),(10117,'S12_3891',8,173.02,39),(10117,'S18_3140',5,121.57,26),(10117,'S18_3259',7,81.68,21),(10117,'S18_4027',12,122.08,22),(10117,'S18_4522',4,73.73,23),(10117,'S24_2011',3,119.2,41),(10117,'S50_1514',11,55.65,21),(10117,'S700_1938',6,75.35,38),(10117,'S700_3962',1,89.38,45),(10117,'S72_3212',2,52.42,50),(10118,'S700_3505',1,86.15,36),(10119,'S10_4757',11,112.88,46),(10119,'S18_1662',3,151.38,43),(10119,'S18_3029',9,74.84,21),(10119,'S18_3856',8,95.28,27),(10119,'S24_2841',4,64.4,41),(10119,'S24_3151',13,72.58,35),(10119,'S24_3420',5,63.12,20),(10119,'S24_3816',10,82.18,35),(10119,'S24_3949',2,62.1,28),(10119,'S700_1138',14,57.34,25),(10119,'S700_2047',7,74.23,29),(10119,'S700_2610',12,67.22,38),(10119,'S700_4002',1,63.67,26),(10119,'S72_1253',6,40.22,28),(10120,'S10_2016',3,118.94,29),(10120,'S10_4698',2,158.8,46),(10120,'S18_2581',8,82.79,29),(10120,'S18_2625',4,57.54,46),(10120,'S24_1578',1,110.45,35),(10120,'S24_1785',10,93.01,39),(10120,'S24_2000',5,72.36,34),(10120,'S24_4278',9,71.73,29),(10120,'S32_1374',6,94.9,22),(10120,'S32_4289',11,68.79,29),(10120,'S50_1341',12,41.46,49),(10120,'S700_1691',13,91.34,47),(10120,'S700_2466',15,81.77,24),(10120,'S700_2834',7,106.79,24),(10120,'S700_3167',14,72,43),(10121,'S10_1678',5,86.13,34),(10121,'S12_2823',4,126.52,50),(10121,'S24_2360',2,58.18,32),(10121,'S32_4485',3,95.93,25),(10121,'S50_4713',1,72.41,44),(10122,'S12_1099',10,155.66,42),(10122,'S12_3380',8,113.92,37),(10122,'S12_3990',11,65.44,32),(10122,'S12_4675',7,104.8,20),(10122,'S18_1129',2,114.65,34),(10122,'S18_1889',6,62.37,43),(10122,'S18_1984',1,113.8,31),(10122,'S18_3232',3,137.17,25),(10122,'S18_3278',13,69.15,21),(10122,'S18_3482',12,133.76,21),(10122,'S18_3782',16,59.06,35),(10122,'S18_4721',15,145.82,28),(10122,'S24_2972',4,34.74,39),(10122,'S24_3371',9,50.82,34),(10122,'S24_3856',5,136.22,43),(10122,'S24_4620',14,67.1,29),(10122,'S32_2206',17,33.79,31),(10123,'S18_1589',2,120.71,26),(10123,'S18_2870',3,114.84,46),(10123,'S18_3685',4,117.26,34),(10123,'S24_1628',1,43.27,50),(10124,'S18_1749',6,153,21),(10124,'S18_2248',5,58.12,42),(10124,'S18_2325',3,111.87,42),(10124,'S18_4409',7,75.46,36),(10124,'S18_4933',8,66.28,23),(10124,'S24_1046',12,62.47,22),(10124,'S24_1937',2,30.53,45),(10124,'S24_2022',1,36.29,22),(10124,'S24_2766',10,74.51,32),(10124,'S24_2887',9,93.95,25),(10124,'S24_3191',11,76.19,49),(10124,'S24_3432',13,101.73,43),(10124,'S24_3969',4,36.11,46),(10125,'S18_1342',1,89.38,32),(10125,'S18_2795',2,138.38,34),(10126,'S10_1949',11,205.73,38),(10126,'S10_4962',4,122.62,22),(10126,'S12_1666',8,135.3,21),(10126,'S18_1097',10,116.67,38),(10126,'S18_1367',17,51.21,42),(10126,'S18_2432',2,51.05,43),(10126,'S18_2949',12,93.21,31),(10126,'S18_2957',14,61.84,46),(10126,'S18_3136',13,93.2,30),(10126,'S18_3320',16,94.25,38),(10126,'S18_4600',5,102.92,50),(10126,'S18_4668',9,47.29,43),(10126,'S24_2300',1,122.68,27),(10126,'S24_4258',15,83.76,34),(10126,'S32_1268',3,82.83,43),(10126,'S32_3522',7,62.05,26),(10126,'S700_2824',6,97.1,45),(10127,'S12_1108',2,193.25,46),(10127,'S12_3148',3,140.5,46),(10127,'S12_3891',1,169.56,42),(10127,'S12_4473',11,100.73,24),(10127,'S18_2238',10,140.81,45),(10127,'S18_2319',14,114.14,45),(10127,'S18_3232',15,149.02,22),(10127,'S18_4027',5,126.39,25),(10127,'S24_1444',8,50.86,20),(10127,'S24_2840',12,34.3,39),(10127,'S24_4048',7,107.63,20),(10127,'S32_2509',13,46.53,45),(10127,'S32_3207',6,60.9,29),(10127,'S50_1392',9,111.12,46),(10127,'S50_1514',4,55.65,46),(10128,'S18_3140',2,120.2,41),(10128,'S18_3259',4,80.67,41),(10128,'S18_4522',1,77.24,43),(10128,'S700_1938',3,72.75,32),(10129,'S10_4757',2,123.76,33),(10129,'S24_2011',9,113.06,45),(10129,'S24_3151',4,81.43,41),(10129,'S24_3816',1,76.31,50),(10129,'S700_1138',5,58.67,31),(10129,'S700_2610',3,72.28,45),(10129,'S700_3505',6,90.15,42),(10129,'S700_3962',7,94.34,30),(10129,'S72_3212',8,44.23,32),(10130,'S18_3029',2,68.82,40),(10130,'S18_3856',1,99.52,33),(10131,'S18_1662',4,141.92,21),(10131,'S24_2841',5,60.97,35),(10131,'S24_3420',6,52.6,29),(10131,'S24_3949',3,54.59,50),(10131,'S700_2047',8,76.94,22),(10131,'S700_2466',1,86.76,40),(10131,'S700_4002',2,63.67,26),(10131,'S72_1253',7,40.22,21),(10132,'S700_3167',1,80,36),(10133,'S18_2581',3,80.26,49),(10133,'S24_1785',5,109.42,41),(10133,'S24_4278',4,61.58,46),(10133,'S32_1374',1,80.91,23),(10133,'S32_4289',6,67.41,49),(10133,'S50_1341',7,37.09,27),(10133,'S700_1691',8,76.73,24),(10133,'S700_2834',2,115.09,27),(10134,'S10_1678',2,90.92,41),(10134,'S10_2016',5,116.56,27),(10134,'S10_4698',4,187.85,31),(10134,'S12_2823',1,131.04,20),(10134,'S18_2625',6,51.48,30),(10134,'S24_1578',3,94.67,35),(10134,'S24_2000',7,75.41,43),(10135,'S12_1099',7,173.17,42),(10135,'S12_3380',5,110.39,48),(10135,'S12_3990',8,72.62,24),(10135,'S12_4675',4,103.64,29),(10135,'S18_1889',3,66.99,48),(10135,'S18_3278',10,65.94,45),(10135,'S18_3482',9,139.64,42),(10135,'S18_3782',13,49.74,45),(10135,'S18_4721',12,133.92,31),(10135,'S24_2360',16,67.18,29),(10135,'S24_2972',1,34.36,20),(10135,'S24_3371',6,52.05,27),(10135,'S24_3856',2,139.03,47),(10135,'S24_4620',11,76.8,23),(10135,'S32_2206',14,38.62,33),(10135,'S32_4485',17,91.85,30),(10135,'S50_4713',15,78.92,44),(10136,'S18_1129',2,117.48,25),(10136,'S18_1984',1,120.91,36),(10136,'S18_3232',3,169.34,41),(10137,'S18_1589',2,115.73,44),(10137,'S18_2870',3,110.88,37),(10137,'S18_3685',4,118.68,31),(10137,'S24_1628',1,40.25,26),(10138,'S18_1749',6,149.6,33),(10138,'S18_2248',5,51.46,22),(10138,'S18_2325',3,114.42,38),(10138,'S18_4409',7,79.15,47),(10138,'S18_4933',8,64.86,23),(10138,'S24_1046',12,59.53,45),(10138,'S24_1937',2,33.19,22),(10138,'S24_2022',1,38.53,33),(10138,'S24_2766',10,73.6,28),(10138,'S24_2887',9,96.3,30),(10138,'S24_3191',11,77.05,49),(10138,'S24_3432',13,99.58,21),(10138,'S24_3969',4,32.82,29),(10139,'S18_1342',7,89.38,31),(10139,'S18_1367',6,52.83,49),(10139,'S18_2795',8,151.88,41),(10139,'S18_2949',1,91.18,46),(10139,'S18_2957',3,52.47,20),(10139,'S18_3136',2,101.58,20),(10139,'S18_3320',5,81.35,30),(10139,'S24_4258',4,93.49,29),(10140,'S10_1949',11,186.44,37),(10140,'S10_4962',4,131.49,26),(10140,'S12_1666',8,118.9,38),(10140,'S18_1097',10,95.67,32),(10140,'S18_2432',2,51.05,46),(10140,'S18_4600',5,100.5,40),(10140,'S18_4668',9,40.25,29),(10140,'S24_2300',1,118.84,47),(10140,'S32_1268',3,87.64,26),(10140,'S32_3522',7,62.05,28),(10140,'S700_2824',6,101.15,36),(10141,'S12_4473',5,114.95,21),(10141,'S18_2238',4,160.46,39),(10141,'S18_2319',8,103.09,47),(10141,'S18_3232',9,143.94,34),(10141,'S24_1444',2,50.86,20),(10141,'S24_2840',6,32.18,21),(10141,'S24_4048',1,104.09,40),(10141,'S32_2509',7,53.03,24),(10141,'S50_1392',3,94.92,44),(10142,'S12_1108',12,166.24,33),(10142,'S12_3148',13,140.5,33),(10142,'S12_3891',11,167.83,46),(10142,'S18_3140',8,129.76,47),(10142,'S18_3259',10,95.8,22),(10142,'S18_4027',15,122.08,24),(10142,'S18_4522',7,79.87,24),(10142,'S24_2011',6,114.29,33),(10142,'S24_3151',1,74.35,49),(10142,'S32_3207',16,60.9,42),(10142,'S50_1514',14,56.24,42),(10142,'S700_1138',2,55.34,41),(10142,'S700_1938',9,77.08,43),(10142,'S700_3505',3,92.16,21),(10142,'S700_3962',4,91.37,38),(10142,'S72_3212',5,46.96,39),(10143,'S10_4757',15,133.28,49),(10143,'S18_1662',7,126.15,32),(10143,'S18_3029',13,70.54,46),(10143,'S18_3856',12,99.52,34),(10143,'S24_2841',8,63.71,27),(10143,'S24_3420',9,59.83,33),(10143,'S24_3816',14,74.64,23),(10143,'S24_3949',6,55.96,28),(10143,'S50_1341',1,34.91,34),(10143,'S700_1691',2,86.77,36),(10143,'S700_2047',11,87.8,26),(10143,'S700_2466',4,79.78,26),(10143,'S700_2610',16,69.39,31),(10143,'S700_3167',3,70.4,28),(10143,'S700_4002',5,65.15,34),(10143,'S72_1253',10,49.66,37),(10144,'S32_4289',1,56.41,20),(10145,'S10_1678',6,76.56,45),(10145,'S10_2016',9,104.67,37),(10145,'S10_4698',8,154.93,33),(10145,'S12_2823',5,146.1,49),(10145,'S18_2581',14,71.81,30),(10145,'S18_2625',10,52.7,30),(10145,'S24_1578',7,103.68,43),(10145,'S24_1785',16,87.54,40),(10145,'S24_2000',11,63.98,47),(10145,'S24_2360',3,56.1,27),(10145,'S24_4278',15,71.73,33),(10145,'S32_1374',12,99.89,33),(10145,'S32_2206',1,39.43,31),(10145,'S32_4485',4,95.93,27),(10145,'S50_4713',2,73.22,38),(10145,'S700_2834',13,113.9,20),(10146,'S18_3782',2,60.3,47),(10146,'S18_4721',1,130.94,29),(10147,'S12_1099',7,161.49,48),(10147,'S12_3380',5,110.39,31),(10147,'S12_3990',8,74.21,21),(10147,'S12_4675',4,97.89,33),(10147,'S18_1889',3,70.84,26),(10147,'S18_3278',10,74.78,36),(10147,'S18_3482',9,129.35,37),(10147,'S24_2972',1,33.23,25),(10147,'S24_3371',6,48.98,30),(10147,'S24_3856',2,123.58,23),(10147,'S24_4620',11,72.76,31),(10148,'S18_1129',13,114.65,23),(10148,'S18_1589',9,108.26,47),(10148,'S18_1984',12,136.56,25),(10148,'S18_2870',10,113.52,27),(10148,'S18_3232',14,143.94,32),(10148,'S18_3685',11,135.63,28),(10148,'S18_4409',1,83.75,34),(10148,'S18_4933',2,66.28,29),(10148,'S24_1046',6,65.41,25),(10148,'S24_1628',8,46.29,47),(10148,'S24_2766',4,77.24,21),(10148,'S24_2887',3,115.09,34),(10148,'S24_3191',5,71.91,31),(10148,'S24_3432',7,96.37,27),(10149,'S18_1342',4,87.33,50),(10149,'S18_1367',3,48.52,30),(10149,'S18_1749',11,156.4,34),(10149,'S18_2248',10,50.85,24),(10149,'S18_2325',8,125.86,33),(10149,'S18_2795',5,167.06,23),(10149,'S18_3320',2,89.29,42),(10149,'S24_1937',7,31.2,36),(10149,'S24_2022',6,39.87,49),(10149,'S24_3969',9,38.57,26),(10149,'S24_4258',1,90.57,20),(10150,'S10_1949',8,182.16,45),(10150,'S10_4962',1,121.15,20),(10150,'S12_1666',5,135.3,30),(10150,'S18_1097',7,95.67,34),(10150,'S18_2949',9,93.21,47),(10150,'S18_2957',11,56.21,30),(10150,'S18_3136',10,97.39,26),(10150,'S18_4600',2,111.39,49),(10150,'S18_4668',6,47.29,30),(10150,'S32_3522',4,62.05,49),(10150,'S700_2824',3,95.08,20),(10151,'S12_4473',3,114.95,24),(10151,'S18_2238',2,152.27,43),(10151,'S18_2319',6,106.78,49),(10151,'S18_2432',9,58.34,39),(10151,'S18_3232',7,167.65,21),(10151,'S24_2300',8,109.9,42),(10151,'S24_2840',4,29.35,30),(10151,'S32_1268',10,84.75,27),(10151,'S32_2509',5,43.29,41),(10151,'S50_1392',1,108.81,26),(10152,'S18_4027',1,117.77,35),(10152,'S24_1444',4,49.13,25),(10152,'S24_4048',3,112.37,23),(10152,'S32_3207',2,57.17,33),(10153,'S12_1108',11,201.57,20),(10153,'S12_3148',12,128.42,42),(10153,'S12_3891',10,155.72,49),(10153,'S18_3140',7,125.66,31),(10153,'S18_3259',9,82.69,29),(10153,'S18_4522',6,82.5,22),(10153,'S24_2011',5,111.83,40),(10153,'S50_1514',13,53.31,31),(10153,'S700_1138',1,58,43),(10153,'S700_1938',8,80.55,31),(10153,'S700_3505',2,87.15,50),(10153,'S700_3962',3,85.41,20),(10153,'S72_3212',4,51.87,50),(10154,'S24_3151',2,75.23,31),(10154,'S700_2610',1,59.27,36),(10155,'S10_4757',13,129.2,32),(10155,'S18_1662',5,138.77,38),(10155,'S18_3029',11,83.44,44),(10155,'S18_3856',10,105.87,29),(10155,'S24_2841',6,62.34,23),(10155,'S24_3420',7,56.55,34),(10155,'S24_3816',12,76.31,37),(10155,'S24_3949',4,58.69,44),(10155,'S700_2047',9,89.61,32),(10155,'S700_2466',2,87.75,20),(10155,'S700_3167',1,76.8,43),(10155,'S700_4002',3,70.33,44),(10155,'S72_1253',8,49.16,34),(10156,'S50_1341',1,43.64,20),(10156,'S700_1691',2,77.64,48),(10157,'S18_2581',3,69.27,33),(10157,'S24_1785',5,89.72,40),(10157,'S24_4278',4,66.65,33),(10157,'S32_1374',1,83.91,34),(10157,'S32_4289',6,56.41,28),(10157,'S700_2834',2,109.16,48),(10158,'S24_2000',1,67.79,22),(10159,'S10_1678',14,81.35,49),(10159,'S10_2016',17,101.1,37),(10159,'S10_4698',16,170.42,22),(10159,'S12_1099',2,188.73,41),(10159,'S12_2823',13,131.04,38),(10159,'S12_3990',3,67.03,24),(10159,'S18_2625',18,51.48,42),(10159,'S18_3278',5,66.74,21),(10159,'S18_3482',4,129.35,25),(10159,'S18_3782',8,54.71,21),(10159,'S18_4721',7,142.85,32),(10159,'S24_1578',15,100.3,44),(10159,'S24_2360',11,67.18,27),(10159,'S24_3371',1,49.6,50),(10159,'S24_4620',6,80.84,23),(10159,'S32_2206',9,39.43,35),(10159,'S32_4485',12,86.74,23),(10159,'S50_4713',10,78.11,31),(10160,'S12_3380',6,96.3,46),(10160,'S12_4675',5,93.28,50),(10160,'S18_1889',4,70.84,38),(10160,'S18_3232',1,140.55,20),(10160,'S24_2972',2,30.59,42),(10160,'S24_3856',3,130.6,35),(10161,'S18_1129',12,121.72,28),(10161,'S18_1589',8,102.04,43),(10161,'S18_1984',11,139.41,48),(10161,'S18_2870',9,125.4,23),(10161,'S18_3685',10,132.8,36),(10161,'S18_4933',1,62.72,25),(10161,'S24_1046',5,73.49,37),(10161,'S24_1628',7,47.29,23),(10161,'S24_2766',3,82.69,20),(10161,'S24_2887',2,108.04,25),(10161,'S24_3191',4,72.77,20),(10161,'S24_3432',6,94.23,30),(10162,'S18_1342',2,87.33,48),(10162,'S18_1367',1,45.28,45),(10162,'S18_1749',9,141.1,29),(10162,'S18_2248',8,53.28,27),(10162,'S18_2325',6,113.15,38),(10162,'S18_2795',3,156.94,48),(10162,'S18_4409',10,86.51,39),(10162,'S24_1937',5,27.55,37),(10162,'S24_2022',4,38.98,43),(10162,'S24_3969',7,32.82,37),(10163,'S10_1949',1,212.16,21),(10163,'S18_2949',2,101.31,31),(10163,'S18_2957',4,59.96,48),(10163,'S18_3136',3,101.58,40),(10163,'S18_3320',6,80.36,43),(10163,'S24_4258',5,96.42,42),(10164,'S10_4962',2,143.31,21),(10164,'S12_1666',6,121.64,49),(10164,'S18_1097',8,103.84,36),(10164,'S18_4600',3,107.76,45),(10164,'S18_4668',7,46.29,25),(10164,'S32_1268',1,91.49,24),(10164,'S32_3522',5,57.53,49),(10164,'S700_2824',4,86.99,39),(10165,'S12_1108',3,168.32,44),(10165,'S12_3148',4,123.89,34),(10165,'S12_3891',2,152.26,27),(10165,'S12_4473',12,109.02,48),(10165,'S18_2238',11,134.26,29),(10165,'S18_2319',15,120.28,46),(10165,'S18_2432',18,60.77,31),(10165,'S18_3232',16,154.1,47),(10165,'S18_3259',1,84.71,50),(10165,'S18_4027',6,123.51,28),(10165,'S24_1444',9,46.82,25),(10165,'S24_2300',17,117.57,32),(10165,'S24_2840',13,31.12,27),(10165,'S24_4048',8,106.45,24),(10165,'S32_2509',14,50.86,48),(10165,'S32_3207',7,55.3,44),(10165,'S50_1392',10,106.49,48),(10165,'S50_1514',5,49.21,38),(10166,'S18_3140',2,136.59,43),(10166,'S18_4522',1,72.85,26),(10166,'S700_1938',3,76.22,29),(10167,'S10_4757',9,123.76,44),(10167,'S18_1662',1,141.92,43),(10167,'S18_3029',7,69.68,46),(10167,'S18_3856',6,84.7,34),(10167,'S24_2011',16,110.6,33),(10167,'S24_2841',2,54.81,21),(10167,'S24_3151',11,77,20),(10167,'S24_3420',3,64.44,32),(10167,'S24_3816',8,73.8,29),(10167,'S700_1138',12,66,43),(10167,'S700_2047',5,87.8,29),(10167,'S700_2610',10,62.16,46),(10167,'S700_3505',13,85.14,24),(10167,'S700_3962',14,83.42,28),(10167,'S72_1253',4,42.71,40),(10167,'S72_3212',15,43.68,38),(10168,'S10_1678',1,94.74,36),(10168,'S10_2016',4,97.53,27),(10168,'S10_4698',3,160.74,20),(10168,'S18_2581',9,75.19,21),(10168,'S18_2625',5,49.06,46),(10168,'S24_1578',2,103.68,50),(10168,'S24_1785',11,93.01,49),(10168,'S24_2000',6,72.36,29),(10168,'S24_3949',18,57.32,27),(10168,'S24_4278',10,68.1,48),(10168,'S32_1374',7,89.9,28),(10168,'S32_4289',12,57.78,31),(10168,'S50_1341',13,39.71,48),(10168,'S700_1691',14,91.34,28),(10168,'S700_2466',16,87.75,31),(10168,'S700_2834',8,94.92,36),(10168,'S700_3167',15,72,48),(10168,'S700_4002',17,67.37,39),(10169,'S12_1099',2,163.44,30),(10169,'S12_2823',13,126.52,35),(10169,'S12_3990',3,71.82,36),(10169,'S18_3278',5,65.13,32),(10169,'S18_3482',4,136.7,36),(10169,'S18_3782',8,52.84,38),(10169,'S18_4721',7,120.53,33),(10169,'S24_2360',11,66.49,38),(10169,'S24_3371',1,53.27,34),(10169,'S24_4620',6,77.61,24),(10169,'S32_2206',9,37.01,26),(10169,'S32_4485',12,83.68,34),(10169,'S50_4713',10,75.66,48),(10170,'S12_3380',4,116.27,47),(10170,'S12_4675',3,93.28,41),(10170,'S18_1889',2,70.07,20),(10170,'S24_3856',1,130.6,34),(10171,'S18_1129',2,134.46,35),(10171,'S18_1984',1,128.03,35),(10171,'S18_3232',3,165.95,39),(10171,'S24_2972',4,34.74,36),(10172,'S18_1589',6,109.51,42),(10172,'S18_2870',7,117.48,39),(10172,'S18_3685',8,139.87,48),(10172,'S24_1046',3,61,32),(10172,'S24_1628',5,43.27,34),(10172,'S24_2766',1,79.97,22),(10172,'S24_3191',2,77.91,24),(10172,'S24_3432',4,87.81,22),(10173,'S18_1342',6,101.71,43),(10173,'S18_1367',5,51.75,48),(10173,'S18_1749',13,168.3,24),(10173,'S18_2248',12,55.09,26),(10173,'S18_2325',10,127.13,31),(10173,'S18_2795',7,140.06,22),(10173,'S18_2957',2,56.84,28),(10173,'S18_3136',1,86.92,31),(10173,'S18_3320',4,90.28,29),(10173,'S18_4409',14,77.31,21),(10173,'S18_4933',15,58.44,39),(10173,'S24_1937',9,29.87,31),(10173,'S24_2022',8,39.42,27),(10173,'S24_2887',16,98.65,23),(10173,'S24_3969',11,35.7,35),(10173,'S24_4258',3,93.49,22),(10174,'S10_1949',4,207.87,34),(10174,'S12_1666',1,113.44,43),(10174,'S18_1097',3,108.5,48),(10174,'S18_2949',5,100.3,46),(10174,'S18_4668',2,44.27,49),(10175,'S10_4962',9,119.67,33),(10175,'S12_4473',1,109.02,26),(10175,'S18_2319',4,101.87,48),(10175,'S18_2432',7,59.55,41),(10175,'S18_3232',5,150.71,29),(10175,'S18_4600',10,102.92,47),(10175,'S24_2300',6,121.4,28),(10175,'S24_2840',2,32.18,37),(10175,'S32_1268',8,89.57,22),(10175,'S32_2509',3,50.86,50),(10175,'S32_3522',12,56.24,29),(10175,'S700_2824',11,80.92,42),(10176,'S12_1108',2,166.24,33),(10176,'S12_3148',3,145.04,47),(10176,'S12_3891',1,160.91,50),(10176,'S18_2238',10,139.17,20),(10176,'S18_4027',5,140.75,36),(10176,'S24_1444',8,55.49,27),(10176,'S24_4048',7,101.72,29),(10176,'S32_3207',6,62.14,22),(10176,'S50_1392',9,109.96,23),(10176,'S50_1514',4,52.14,38),(10177,'S18_3140',9,113.37,23),(10177,'S18_3259',11,92.77,29),(10177,'S18_4522',8,82.5,35),(10177,'S24_2011',7,115.52,50),(10177,'S24_3151',2,79.66,45),(10177,'S700_1138',3,58.67,24),(10177,'S700_1938',10,77.95,31),(10177,'S700_2610',1,64.33,32),(10177,'S700_3505',4,88.15,44),(10177,'S700_3962',5,83.42,24),(10177,'S72_3212',6,52.96,40),(10178,'S10_4757',12,131.92,24),(10178,'S18_1662',4,127.73,42),(10178,'S18_3029',10,70.54,41),(10178,'S18_3856',9,104.81,48),(10178,'S24_2841',5,67.82,34),(10178,'S24_3420',6,65.75,27),(10178,'S24_3816',11,68.77,21),(10178,'S24_3949',3,64.15,30),(10178,'S700_2047',8,86.9,34),(10178,'S700_2466',1,91.74,22),(10178,'S700_4002',2,68.11,45),(10178,'S72_1253',7,41.71,45),(10179,'S18_2581',3,82.79,24),(10179,'S24_1785',5,105.04,47),(10179,'S24_4278',4,66.65,27),(10179,'S32_1374',1,86.9,45),(10179,'S32_4289',6,63.97,24),(10179,'S50_1341',7,43.2,34),(10179,'S700_1691',8,75.81,23),(10179,'S700_2834',2,98.48,25),(10179,'S700_3167',9,80,39),(10180,'S10_1678',9,76.56,29),(10180,'S10_2016',12,99.91,42),(10180,'S10_4698',11,164.61,41),(10180,'S12_2823',8,131.04,40),(10180,'S18_2625',13,48.46,25),(10180,'S18_3782',3,59.06,21),(10180,'S18_4721',2,147.31,44),(10180,'S24_1578',10,98.05,48),(10180,'S24_2000',14,61.7,28),(10180,'S24_2360',6,60.95,35),(10180,'S24_4620',1,68.71,28),(10180,'S32_2206',4,33.39,34),(10180,'S32_4485',7,102.05,22),(10180,'S50_4713',5,74.85,21),(10181,'S12_1099',14,155.66,27),(10181,'S12_3380',12,113.92,28),(10181,'S12_3990',15,67.03,20),(10181,'S12_4675',11,107.1,36),(10181,'S18_1129',6,124.56,44),(10181,'S18_1589',2,124.44,42),(10181,'S18_1889',10,74.69,22),(10181,'S18_1984',5,129.45,21),(10181,'S18_2870',3,130.68,27),(10181,'S18_3232',7,147.33,45),(10181,'S18_3278',17,73.17,30),(10181,'S18_3482',16,120.53,22),(10181,'S18_3685',4,137.04,39),(10181,'S24_1628',1,45.28,34),(10181,'S24_2972',8,32.85,37),(10181,'S24_3371',13,54.49,23),(10181,'S24_3856',9,122.17,25),(10182,'S18_1342',3,83.22,25),(10182,'S18_1367',2,44.21,32),(10182,'S18_1749',10,159.8,44),(10182,'S18_2248',9,54.49,38),(10182,'S18_2325',7,105.52,20),(10182,'S18_2795',4,135,21),(10182,'S18_3320',1,86.31,33),(10182,'S18_4409',11,88.35,36),(10182,'S18_4933',12,61.29,44),(10182,'S24_1046',16,63.2,47),(10182,'S24_1937',6,31.86,39),(10182,'S24_2022',5,39.87,31),(10182,'S24_2766',14,87.24,36),(10182,'S24_2887',13,116.27,20),(10182,'S24_3191',15,73.62,33),(10182,'S24_3432',17,95.3,49),(10182,'S24_3969',8,34.88,23),(10183,'S10_1949',8,180.01,23),(10183,'S10_4962',1,127.06,28),(10183,'S12_1666',5,114.8,41),(10183,'S18_1097',7,108.5,21),(10183,'S18_2949',9,91.18,37),(10183,'S18_2957',11,51.22,39),(10183,'S18_3136',10,90.06,22),(10183,'S18_4600',2,118.66,21),(10183,'S18_4668',6,42.26,40),(10183,'S24_4258',12,81.81,47),(10183,'S32_3522',4,52.36,49),(10183,'S700_2824',3,85.98,23),(10184,'S12_4473',6,105.47,37),(10184,'S18_2238',5,145.72,46),(10184,'S18_2319',9,119.05,46),(10184,'S18_2432',12,60.77,44),(10184,'S18_3232',10,165.95,28),(10184,'S24_1444',3,57.22,31),(10184,'S24_2300',11,117.57,24),(10184,'S24_2840',7,30.06,42),(10184,'S24_4048',2,114.73,49),(10184,'S32_1268',13,84.75,46),(10184,'S32_2509',8,52.49,33),(10184,'S32_3207',1,59.03,48),(10184,'S50_1392',4,92.6,45),(10185,'S12_1108',13,195.33,21),(10185,'S12_3148',14,146.55,33),(10185,'S12_3891',12,147.07,43),(10185,'S18_3140',9,124.3,28),(10185,'S18_3259',11,94.79,49),(10185,'S18_4027',16,127.82,39),(10185,'S18_4522',8,87.77,47),(10185,'S24_2011',7,105.69,30),(10185,'S24_3151',2,83.2,33),(10185,'S50_1514',15,46.86,20),(10185,'S700_1138',3,64.67,21),(10185,'S700_1938',10,79.68,30),(10185,'S700_2610',1,61.44,39),(10185,'S700_3505',4,99.17,37),(10185,'S700_3962',5,93.35,22),(10185,'S72_3212',6,47.5,28),(10186,'S10_4757',9,108.8,26),(10186,'S18_1662',1,137.19,32),(10186,'S18_3029',7,73.12,32),(10186,'S18_3856',6,98.46,46),(10186,'S24_2841',2,60.29,22),(10186,'S24_3420',3,59.83,21),(10186,'S24_3816',8,68.77,36),(10186,'S700_2047',5,80.56,24),(10186,'S72_1253',4,42.71,28),(10187,'S18_2581',1,70.12,45),(10187,'S24_1785',3,96.29,46),(10187,'S24_3949',10,55.96,43),(10187,'S24_4278',2,64.48,33),(10187,'S32_4289',4,61.22,31),(10187,'S50_1341',5,39.71,41),(10187,'S700_1691',6,84.95,34),(10187,'S700_2466',8,95.73,44),(10187,'S700_3167',7,72,34),(10187,'S700_4002',9,70.33,44),(10188,'S10_1678',1,95.7,48),(10188,'S10_2016',4,111.8,38),(10188,'S10_4698',3,182.04,45),(10188,'S18_2625',5,52.09,32),(10188,'S24_1578',2,95.8,25),(10188,'S24_2000',6,61.7,40),(10188,'S32_1374',7,81.91,44),(10188,'S700_2834',8,96.11,29),(10189,'S12_2823',1,138.57,28),(10190,'S24_2360',3,58.87,42),(10190,'S32_2206',1,38.62,46),(10190,'S32_4485',4,89.8,42),(10190,'S50_4713',2,67.53,40),(10191,'S12_1099',3,155.66,21),(10191,'S12_3380',1,104.52,40),(10191,'S12_3990',4,70.22,30),(10191,'S18_3278',6,75.59,36),(10191,'S18_3482',5,119.06,23),(10191,'S18_3782',9,60.93,43),(10191,'S18_4721',8,136.9,32),(10191,'S24_3371',2,53.27,48),(10191,'S24_4620',7,77.61,44),(10192,'S12_4675',16,99.04,27),(10192,'S18_1129',11,140.12,22),(10192,'S18_1589',7,100.8,29),(10192,'S18_1889',15,70.84,45),(10192,'S18_1984',10,128.03,47),(10192,'S18_2870',8,110.88,38),(10192,'S18_3232',12,137.17,26),(10192,'S18_3685',9,125.74,45),(10192,'S24_1046',4,72.02,37),(10192,'S24_1628',6,49.3,47),(10192,'S24_2766',2,86.33,46),(10192,'S24_2887',1,112.74,23),(10192,'S24_2972',13,33.23,30),(10192,'S24_3191',3,69.34,32),(10192,'S24_3432',5,93.16,46),(10192,'S24_3856',14,112.34,45),(10193,'S18_1342',7,92.47,28),(10193,'S18_1367',6,46.36,46),(10193,'S18_1749',14,153,21),(10193,'S18_2248',13,60.54,42),(10193,'S18_2325',11,115.69,44),(10193,'S18_2795',8,143.44,22),(10193,'S18_2949',1,87.13,28),(10193,'S18_2957',3,53.09,24),(10193,'S18_3136',2,97.39,23),(10193,'S18_3320',5,79.37,32),(10193,'S18_4409',15,92.03,24),(10193,'S18_4933',16,66.28,25),(10193,'S24_1937',10,32.19,26),(10193,'S24_2022',9,44.8,20),(10193,'S24_3969',12,38.16,22),(10193,'S24_4258',4,92.52,20),(10194,'S10_1949',11,203.59,42),(10194,'S10_4962',4,134.44,26),(10194,'S12_1666',8,124.37,38),(10194,'S18_1097',10,103.84,21),(10194,'S18_2432',2,51.05,45),(10194,'S18_4600',5,113.82,32),(10194,'S18_4668',9,47.79,41),(10194,'S24_2300',1,112.46,49),(10194,'S32_1268',3,77.05,37),(10194,'S32_3522',7,61.41,39),(10194,'S700_2824',6,80.92,26),(10195,'S12_4473',6,118.5,49),(10195,'S18_2238',5,139.17,27),(10195,'S18_2319',9,112.91,35),(10195,'S18_3232',10,150.71,50),(10195,'S24_1444',3,54.33,44),(10195,'S24_2840',7,31.82,32),(10195,'S24_4048',2,95.81,34),(10195,'S32_2509',8,51.95,32),(10195,'S32_3207',1,59.03,33),(10195,'S50_1392',4,97.23,49),(10196,'S12_1108',5,203.64,47),(10196,'S12_3148',6,151.08,24),(10196,'S12_3891',4,147.07,38),(10196,'S18_3140',1,127.03,49),(10196,'S18_3259',3,81.68,35),(10196,'S18_4027',8,126.39,27),(10196,'S50_1514',7,56.82,46),(10196,'S700_1938',2,84.88,50),(10197,'S10_4757',6,118.32,45),(10197,'S18_3029',4,83.44,46),(10197,'S18_3856',3,85.75,22),(10197,'S18_4522',14,78.99,50),(10197,'S24_2011',13,109.37,41),(10197,'S24_3151',8,83.2,47),(10197,'S24_3816',5,67.93,22),(10197,'S700_1138',9,60,23),(10197,'S700_2047',2,78.75,24),(10197,'S700_2610',7,66.5,50),(10197,'S700_3505',10,100.17,27),(10197,'S700_3962',11,88.39,35),(10197,'S72_1253',1,39.73,29),(10197,'S72_3212',12,48.59,42),(10198,'S18_1662',4,149.81,42),(10198,'S24_2841',5,60.97,48),(10198,'S24_3420',6,61.81,27),(10198,'S24_3949',3,65.51,43),(10198,'S700_2466',1,94.73,42),(10198,'S700_4002',2,74.03,40),(10199,'S50_1341',1,37.97,29),(10199,'S700_1691',2,81.29,48),(10199,'S700_3167',3,70.4,38),(10200,'S18_2581',3,74.34,28),(10200,'S24_1785',5,99.57,33),(10200,'S24_4278',4,70.28,39),(10200,'S32_1374',1,80.91,35),(10200,'S32_4289',6,65.35,27),(10200,'S700_2834',2,115.09,39),(10201,'S10_1678',2,82.3,22),(10201,'S10_2016',5,116.56,24),(10201,'S10_4698',4,191.72,49),(10201,'S12_2823',1,126.52,25),(10201,'S18_2625',6,48.46,30),(10201,'S24_1578',3,93.54,39),(10201,'S24_2000',7,66.27,25),(10202,'S18_3782',3,55.33,30),(10202,'S18_4721',2,124.99,43),(10202,'S24_2360',6,56.1,50),(10202,'S24_4620',1,75.18,50),(10202,'S32_2206',4,33.39,27),(10202,'S32_4485',7,81.64,31),(10202,'S50_4713',5,79.73,40),(10203,'S12_1099',8,161.49,20),(10203,'S12_3380',6,111.57,20),(10203,'S12_3990',9,63.84,44),(10203,'S12_4675',5,115.16,47),(10203,'S18_1889',4,73.15,45),(10203,'S18_3232',1,157.49,48),(10203,'S18_3278',11,66.74,33),(10203,'S18_3482',10,127.88,32),(10203,'S24_2972',2,33.23,21),(10203,'S24_3371',7,56.94,34),(10203,'S24_3856',3,140.43,47),(10204,'S18_1129',17,114.65,42),(10204,'S18_1589',13,113.24,40),(10204,'S18_1749',4,153,33),(10204,'S18_1984',16,133.72,38),(10204,'S18_2248',3,59.33,23),(10204,'S18_2325',1,119.5,26),(10204,'S18_2870',14,106.92,27),(10204,'S18_3685',15,132.8,35),(10204,'S18_4409',5,83.75,29),(10204,'S18_4933',6,69.84,45),(10204,'S24_1046',10,69.82,20),(10204,'S24_1628',12,46.79,45),(10204,'S24_2766',8,79.06,47),(10204,'S24_2887',7,112.74,42),(10204,'S24_3191',9,84.75,40),(10204,'S24_3432',11,104.94,48),(10204,'S24_3969',2,34.88,39),(10205,'S18_1342',2,98.63,36),(10205,'S18_1367',1,45.82,48),(10205,'S18_2795',3,138.38,40),(10205,'S24_1937',5,27.88,32),(10205,'S24_2022',4,36.74,24),(10206,'S10_1949',6,203.59,47),(10206,'S12_1666',3,109.34,28),(10206,'S18_1097',5,115.5,34),(10206,'S18_2949',7,98.27,37),(10206,'S18_2957',9,51.84,28),(10206,'S18_3136',8,102.63,30),(10206,'S18_3320',11,99.21,28),(10206,'S18_4668',4,45.78,21),(10206,'S24_4258',10,95.44,33),(10206,'S32_3522',2,54.94,36),(10206,'S700_2824',1,89.01,33),(10207,'S10_4962',15,125.58,31),(10207,'S12_4473',7,95.99,34),(10207,'S18_2238',6,140.81,44),(10207,'S18_2319',10,109.23,43),(10207,'S18_2432',13,60.77,37),(10207,'S18_3232',11,140.55,25),(10207,'S18_4027',1,143.62,40),(10207,'S18_4600',16,119.87,47),(10207,'S24_1444',4,57.8,49),(10207,'S24_2300',12,127.79,46),(10207,'S24_2840',8,30.76,42),(10207,'S24_4048',3,108.82,28),(10207,'S32_1268',14,84.75,49),(10207,'S32_2509',9,51.95,27),(10207,'S32_3207',2,55.3,45),(10207,'S50_1392',5,106.49,28),(10208,'S12_1108',13,176.63,46),(10208,'S12_3148',14,128.42,26),(10208,'S12_3891',12,152.26,20),(10208,'S18_3140',9,117.47,24),(10208,'S18_3259',11,96.81,48),(10208,'S18_4522',8,72.85,45),(10208,'S24_2011',7,122.89,35),(10208,'S24_3151',2,80.54,20),(10208,'S50_1514',15,57.99,30),(10208,'S700_1138',3,56.67,38),(10208,'S700_1938',10,73.62,40),(10208,'S700_2610',1,63.61,46),(10208,'S700_3505',4,95.16,37),(10208,'S700_3962',5,95.34,33),(10208,'S72_3212',6,48.05,42),(10209,'S10_4757',8,129.2,39),(10209,'S18_3029',6,82.58,28),(10209,'S18_3856',5,97.4,20),(10209,'S24_2841',1,66.45,43),(10209,'S24_3420',2,56.55,36),(10209,'S24_3816',7,79.67,22),(10209,'S700_2047',4,90.52,33),(10209,'S72_1253',3,44.2,48),(10210,'S10_2016',2,112.99,23),(10210,'S10_4698',1,189.79,34),(10210,'S18_1662',17,141.92,31),(10210,'S18_2581',7,68.43,50),(10210,'S18_2625',3,51.48,40),(10210,'S24_1785',9,100.67,27),(10210,'S24_2000',4,63.22,30),(10210,'S24_3949',16,56.64,29),(10210,'S24_4278',8,68.1,40),(10210,'S32_1374',5,84.91,46),(10210,'S32_4289',10,57.1,39),(10210,'S50_1341',11,43.2,43),(10210,'S700_1691',12,87.69,21),(10210,'S700_2466',14,93.74,26),(10210,'S700_2834',6,98.48,25),(10210,'S700_3167',13,64,31),(10210,'S700_4002',15,60.7,42),(10211,'S10_1678',14,90.92,41),(10211,'S12_1099',2,171.22,41),(10211,'S12_2823',13,126.52,36),(10211,'S12_3990',3,79.8,28),(10211,'S18_3278',5,73.17,35),(10211,'S18_3482',4,138.17,28),(10211,'S18_3782',8,60.3,46),(10211,'S18_4721',7,148.8,41),(10211,'S24_1578',15,109.32,25),(10211,'S24_2360',11,62.33,21),(10211,'S24_3371',1,52.66,48),(10211,'S24_4620',6,80.84,22),(10211,'S32_2206',9,39.83,41),(10211,'S32_4485',12,94.91,37),(10211,'S50_4713',10,70.78,40),(10212,'S12_3380',16,99.82,39),(10212,'S12_4675',15,110.55,33),(10212,'S18_1129',10,117.48,29),(10212,'S18_1589',6,105.77,38),(10212,'S18_1889',14,64.68,20),(10212,'S18_1984',9,133.72,41),(10212,'S18_2870',7,117.48,40),(10212,'S18_3232',11,155.79,40),(10212,'S18_3685',8,115.85,45),(10212,'S24_1046',3,61.73,41),(10212,'S24_1628',5,43.27,45),(10212,'S24_2766',1,81.78,45),(10212,'S24_2972',12,37.38,34),(10212,'S24_3191',2,77.91,27),(10212,'S24_3432',4,100.66,46),(10212,'S24_3856',13,117.96,49),(10213,'S18_4409',1,84.67,38),(10213,'S18_4933',2,58.44,25),(10213,'S24_2887',3,97.48,27),(10214,'S18_1749',7,166.6,30),(10214,'S18_2248',6,53.28,21),(10214,'S18_2325',4,125.86,27),(10214,'S18_2795',1,167.06,50),(10214,'S24_1937',3,32.19,20),(10214,'S24_2022',2,39.87,49),(10214,'S24_3969',5,38.57,44),(10215,'S10_1949',3,205.73,35),(10215,'S18_1097',2,100.34,46),(10215,'S18_1342',10,92.47,27),(10215,'S18_1367',9,53.91,33),(10215,'S18_2949',4,97.26,49),(10215,'S18_2957',6,56.21,31),(10215,'S18_3136',5,89.01,49),(10215,'S18_3320',8,84.33,41),(10215,'S18_4668',1,42.76,46),(10215,'S24_4258',7,94.47,39),(10216,'S12_1666',1,133.94,43),(10217,'S10_4962',4,132.97,48),(10217,'S18_2432',2,58.34,35),(10217,'S18_4600',5,118.66,38),(10217,'S24_2300',1,103.51,28),(10217,'S32_1268',3,78.97,21),(10217,'S32_3522',7,56.24,39),(10217,'S700_2824',6,90.02,31),(10218,'S18_2319',1,110.46,22),(10218,'S18_3232',2,152.41,34),(10219,'S12_4473',2,94.8,48),(10219,'S18_2238',1,132.62,43),(10219,'S24_2840',3,31.12,21),(10219,'S32_2509',4,47.62,35),(10220,'S12_1108',2,189.1,32),(10220,'S12_3148',3,151.08,30),(10220,'S12_3891',1,166.1,27),(10220,'S18_4027',5,126.39,50),(10220,'S24_1444',8,48.55,26),(10220,'S24_4048',7,101.72,37),(10220,'S32_3207',6,49.71,20),(10220,'S50_1392',9,92.6,37),(10220,'S50_1514',4,56.82,30),(10221,'S18_3140',3,133.86,33),(10221,'S18_3259',5,89.75,23),(10221,'S18_4522',2,84.26,39),(10221,'S24_2011',1,113.06,49),(10221,'S700_1938',4,69.29,23),(10222,'S10_4757',12,133.28,49),(10222,'S18_1662',4,137.19,49),(10222,'S18_3029',10,79.14,49),(10222,'S18_3856',9,88.93,45),(10222,'S24_2841',5,56.86,32),(10222,'S24_3151',14,74.35,47),(10222,'S24_3420',6,61.15,43),(10222,'S24_3816',11,77.99,46),(10222,'S24_3949',3,55.27,48),(10222,'S700_1138',15,58.67,31),(10222,'S700_2047',8,80.56,26),(10222,'S700_2466',1,90.75,37),(10222,'S700_2610',13,69.39,36),(10222,'S700_3505',16,84.14,38),(10222,'S700_3962',17,81.43,31),(10222,'S700_4002',2,66.63,43),(10222,'S72_1253',7,45.19,31),(10222,'S72_3212',18,48.59,36),(10223,'S10_1678',1,80.39,37),(10223,'S10_2016',4,110.61,47),(10223,'S10_4698',3,189.79,49),(10223,'S18_2581',9,67.58,47),(10223,'S18_2625',5,58.75,28),(10223,'S24_1578',2,104.81,32),(10223,'S24_1785',11,87.54,34),(10223,'S24_2000',6,60.94,38),(10223,'S24_4278',10,68.1,23),(10223,'S32_1374',7,90.9,21),(10223,'S32_4289',12,66.73,20),(10223,'S50_1341',13,41.02,41),(10223,'S700_1691',14,84.03,25),(10223,'S700_2834',8,113.9,29),(10223,'S700_3167',15,79.2,26),(10224,'S12_2823',6,141.58,43),(10224,'S18_3782',1,57.2,38),(10224,'S24_2360',4,60.26,37),(10224,'S32_2206',2,37.01,43),(10224,'S32_4485',5,94.91,30),(10224,'S50_4713',3,81.36,50),(10225,'S12_1099',9,157.6,27),(10225,'S12_3380',7,101,25),(10225,'S12_3990',10,64.64,37),(10225,'S12_4675',6,100.19,21),(10225,'S18_1129',1,116.06,32),(10225,'S18_1889',5,71.61,47),(10225,'S18_3232',2,162.57,43),(10225,'S18_3278',12,69.96,37),(10225,'S18_3482',11,119.06,27),(10225,'S18_4721',14,135.41,35),(10225,'S24_2972',3,34.74,42),(10225,'S24_3371',8,51.43,24),(10225,'S24_3856',4,130.6,40),(10225,'S24_4620',13,77.61,46),(10226,'S18_1589',4,108.26,38),(10226,'S18_1984',7,129.45,24),(10226,'S18_2870',5,125.4,24),(10226,'S18_3685',6,122.91,46),(10226,'S24_1046',1,65.41,21),(10226,'S24_1628',3,47.79,36),(10226,'S24_3432',2,95.3,48),(10227,'S18_1342',3,85.27,25),(10227,'S18_1367',2,50.14,31),(10227,'S18_1749',10,136,26),(10227,'S18_2248',9,59.93,28),(10227,'S18_2325',7,118.23,46),(10227,'S18_2795',4,146.81,29),(10227,'S18_3320',1,99.21,33),(10227,'S18_4409',11,87.43,34),(10227,'S18_4933',12,70.56,37),(10227,'S24_1937',6,27.22,42),(10227,'S24_2022',5,39.42,24),(10227,'S24_2766',14,84.51,47),(10227,'S24_2887',13,102.17,33),(10227,'S24_3191',15,78.76,40),(10227,'S24_3969',8,34.88,27),(10228,'S10_1949',2,214.3,29),(10228,'S18_1097',1,100.34,32),(10228,'S18_2949',3,101.31,24),(10228,'S18_2957',5,57.46,45),(10228,'S18_3136',4,100.53,31),(10228,'S24_4258',6,84.73,33),(10229,'S10_4962',9,138.88,50),(10229,'S12_1666',13,110.7,25),(10229,'S12_4473',1,95.99,36),(10229,'S18_2319',4,104.32,26),(10229,'S18_2432',7,53.48,28),(10229,'S18_3232',5,157.49,22),(10229,'S18_4600',10,119.87,41),(10229,'S18_4668',14,43.77,39),(10229,'S24_2300',6,115.01,48),(10229,'S24_2840',2,34.65,33),(10229,'S32_1268',8,78.97,25),(10229,'S32_2509',3,49.78,23),(10229,'S32_3522',12,52.36,30),(10229,'S700_2824',11,91.04,50),(10230,'S12_3148',1,128.42,43),(10230,'S18_2238',8,153.91,49),(10230,'S18_4027',3,142.18,42),(10230,'S24_1444',6,47.4,36),(10230,'S24_4048',5,99.36,45),(10230,'S32_3207',4,59.03,46),(10230,'S50_1392',7,100.7,34),(10230,'S50_1514',2,57.41,43),(10231,'S12_1108',2,193.25,42),(10231,'S12_3891',1,147.07,49),(10232,'S18_3140',6,133.86,22),(10232,'S18_3259',8,97.81,48),(10232,'S18_4522',5,78.12,23),(10232,'S24_2011',4,113.06,46),(10232,'S700_1938',7,84.88,26),(10232,'S700_3505',1,86.15,48),(10232,'S700_3962',2,81.43,35),(10232,'S72_3212',3,48.59,24),(10233,'S24_3151',2,70.81,40),(10233,'S700_1138',3,66,36),(10233,'S700_2610',1,67.94,29),(10234,'S10_4757',9,118.32,48),(10234,'S18_1662',1,146.65,50),(10234,'S18_3029',7,84.3,48),(10234,'S18_3856',6,85.75,39),(10234,'S24_2841',2,67.14,44),(10234,'S24_3420',3,65.09,25),(10234,'S24_3816',8,78.83,31),(10234,'S700_2047',5,83.28,29),(10234,'S72_1253',4,45.69,40),(10235,'S18_2581',3,81.95,24),(10235,'S24_1785',5,89.72,23),(10235,'S24_3949',12,55.27,33),(10235,'S24_4278',4,63.03,40),(10235,'S32_1374',1,90.9,41),(10235,'S32_4289',6,66.73,34),(10235,'S50_1341',7,37.09,41),(10235,'S700_1691',8,88.6,25),(10235,'S700_2466',10,92.74,38),(10235,'S700_2834',2,116.28,25),(10235,'S700_3167',9,73.6,32),(10235,'S700_4002',11,70.33,34),(10236,'S10_2016',1,105.86,22),(10236,'S18_2625',2,52.7,23),(10236,'S24_2000',3,65.51,36),(10237,'S10_1678',7,91.87,23),(10237,'S10_4698',9,158.8,39),(10237,'S12_2823',6,129.53,32),(10237,'S18_3782',1,49.74,26),(10237,'S24_1578',8,109.32,20),(10237,'S24_2360',4,62.33,26),(10237,'S32_2206',2,35,26),(10237,'S32_4485',5,94.91,27),(10237,'S50_4713',3,78.92,20),(10238,'S12_1099',3,161.49,28),(10238,'S12_3380',1,104.52,29),(10238,'S12_3990',4,73.42,20),(10238,'S18_3278',6,68.35,41),(10238,'S18_3482',5,144.05,49),(10238,'S18_4721',8,120.53,44),(10238,'S24_3371',2,53.88,47),(10238,'S24_4620',7,67.91,22),(10239,'S12_4675',5,100.19,21),(10239,'S18_1889',4,70.07,46),(10239,'S18_3232',1,135.47,47),(10239,'S24_2972',2,32.47,20),(10239,'S24_3856',3,133.41,29),(10240,'S18_1129',3,125.97,41),(10240,'S18_1984',2,136.56,37),(10240,'S18_3685',1,134.22,37),(10241,'S18_1589',11,119.46,21),(10241,'S18_1749',2,153,41),(10241,'S18_2248',1,55.7,33),(10241,'S18_2870',12,126.72,44),(10241,'S18_4409',3,77.31,42),(10241,'S18_4933',4,62.72,30),(10241,'S24_1046',8,72.02,22),(10241,'S24_1628',10,47.29,21),(10241,'S24_2766',6,89.05,47),(10241,'S24_2887',5,117.44,28),(10241,'S24_3191',7,69.34,26),(10241,'S24_3432',9,107.08,27),(10242,'S24_3969',1,36.52,46),(10243,'S18_2325',2,111.87,47),(10243,'S24_1937',1,30.87,33),(10244,'S18_1342',7,99.66,40),(10244,'S18_1367',6,48.52,20),(10244,'S18_2795',8,141.75,43),(10244,'S18_2949',1,87.13,30),(10244,'S18_2957',3,54.96,24),(10244,'S18_3136',2,85.87,29),(10244,'S18_3320',5,87.3,36),(10244,'S24_2022',9,42.11,39),(10244,'S24_4258',4,97.39,40),(10245,'S10_1949',9,195.01,34),(10245,'S10_4962',2,147.74,28),(10245,'S12_1666',6,120.27,38),(10245,'S18_1097',8,114.34,29),(10245,'S18_4600',3,111.39,21),(10245,'S18_4668',7,48.8,45),(10245,'S32_1268',1,81.86,37),(10245,'S32_3522',5,54.94,44),(10245,'S700_2824',4,81.93,44),(10246,'S12_4473',5,99.54,46),(10246,'S18_2238',4,144.08,40),(10246,'S18_2319',8,100.64,22),(10246,'S18_2432',11,57.73,30),(10246,'S18_3232',9,145.63,36),(10246,'S24_1444',2,46.24,44),(10246,'S24_2300',10,118.84,29),(10246,'S24_2840',6,34.65,49),(10246,'S24_4048',1,100.54,46),(10246,'S32_2509',7,45.45,35),(10246,'S50_1392',3,113.44,22),(10247,'S12_1108',2,195.33,44),(10247,'S12_3148',3,140.5,25),(10247,'S12_3891',1,167.83,27),(10247,'S18_4027',5,143.62,48),(10247,'S32_3207',6,58.41,40),(10247,'S50_1514',4,51.55,49),(10248,'S10_4757',3,126.48,20),(10248,'S18_3029',1,80.86,21),(10248,'S18_3140',12,133.86,32),(10248,'S18_3259',14,95.8,42),(10248,'S18_4522',11,87.77,42),(10248,'S24_2011',10,122.89,48),(10248,'S24_3151',5,85.85,30),(10248,'S24_3816',2,83.02,23),(10248,'S700_1138',6,66,36),(10248,'S700_1938',13,81.41,40),(10248,'S700_2610',4,69.39,32),(10248,'S700_3505',7,84.14,30),(10248,'S700_3962',8,92.36,35),(10248,'S72_3212',9,53.51,23),(10249,'S18_3856',5,88.93,46),(10249,'S24_2841',1,54.81,20),(10249,'S24_3420',2,65.75,25),(10249,'S700_2047',4,85.99,40),(10249,'S72_1253',3,49.16,32),(10250,'S18_1662',14,148.23,45),(10250,'S18_2581',4,84.48,27),(10250,'S24_1785',6,95.2,31),(10250,'S24_2000',1,63.22,32),(10250,'S24_3949',13,61.42,40),(10250,'S24_4278',5,72.45,37),(10250,'S32_1374',2,99.89,31),(10250,'S32_4289',7,62.6,50),(10250,'S50_1341',8,36.66,36),(10250,'S700_1691',9,91.34,31),(10250,'S700_2466',11,90.75,35),(10250,'S700_2834',3,98.48,44),(10250,'S700_3167',10,76,44),(10250,'S700_4002',12,65.89,38),(10251,'S10_1678',2,93.79,59),(10251,'S10_2016',5,115.37,44),(10251,'S10_4698',4,172.36,43),(10251,'S12_2823',1,129.53,46),(10251,'S18_2625',6,58.15,44),(10251,'S24_1578',3,91.29,50),(10252,'S18_3278',2,74.78,20),(10252,'S18_3482',1,145.52,41),(10252,'S18_3782',5,50.36,31),(10252,'S18_4721',4,127.97,26),(10252,'S24_2360',8,63.03,47),(10252,'S24_4620',3,69.52,38),(10252,'S32_2206',6,36.21,36),(10252,'S32_4485',9,93.89,25),(10252,'S50_4713',7,72.41,48),(10253,'S12_1099',13,157.6,24),(10253,'S12_3380',11,102.17,22),(10253,'S12_3990',14,67.03,25),(10253,'S12_4675',10,109.4,41),(10253,'S18_1129',5,130.22,26),(10253,'S18_1589',1,103.29,24),(10253,'S18_1889',9,67.76,23),(10253,'S18_1984',4,130.87,33),(10253,'S18_2870',2,114.84,37),(10253,'S18_3232',6,145.63,40),(10253,'S18_3685',3,139.87,31),(10253,'S24_2972',7,34.74,40),(10253,'S24_3371',12,50.82,24),(10253,'S24_3856',8,115.15,39),(10254,'S18_1749',5,137.7,49),(10254,'S18_2248',4,55.09,36),(10254,'S18_2325',2,102.98,41),(10254,'S18_4409',6,80.99,34),(10254,'S18_4933',7,59.87,30),(10254,'S24_1046',11,66.88,34),(10254,'S24_1628',13,43.27,32),(10254,'S24_1937',1,28.88,38),(10254,'S24_2766',9,85.42,31),(10254,'S24_2887',8,111.57,33),(10254,'S24_3191',10,69.34,42),(10254,'S24_3432',12,101.73,49),(10254,'S24_3969',3,39.8,20),(10255,'S18_2795',1,135,24),(10255,'S24_2022',2,37.63,37),(10256,'S18_1342',2,93.49,34),(10256,'S18_1367',1,52.83,29),(10257,'S18_2949',1,92.19,50),(10257,'S18_2957',3,59.34,49),(10257,'S18_3136',2,83.78,37),(10257,'S18_3320',5,91.27,26),(10257,'S24_4258',4,81.81,46),(10258,'S10_1949',6,177.87,32),(10258,'S12_1666',3,133.94,41),(10258,'S18_1097',5,113.17,41),(10258,'S18_4668',4,49.81,21),(10258,'S32_3522',2,62.7,20),(10258,'S700_2824',1,86.99,45),(10259,'S10_4962',12,121.15,26),(10259,'S12_4473',4,117.32,46),(10259,'S18_2238',3,134.26,30),(10259,'S18_2319',7,120.28,34),(10259,'S18_2432',10,59.55,30),(10259,'S18_3232',8,152.41,27),(10259,'S18_4600',13,107.76,41),(10259,'S24_1444',1,46.82,28),(10259,'S24_2300',9,121.4,47),(10259,'S24_2840',5,31.47,31),(10259,'S32_1268',11,95.35,45),(10259,'S32_2509',6,45.99,40),(10259,'S50_1392',2,105.33,29),(10260,'S12_1108',5,180.79,46),(10260,'S12_3148',6,140.5,30),(10260,'S12_3891',4,169.56,44),(10260,'S18_3140',1,121.57,32),(10260,'S18_3259',3,92.77,29),(10260,'S18_4027',8,137.88,23),(10260,'S24_4048',10,117.1,23),(10260,'S32_3207',9,55.3,27),(10260,'S50_1514',7,56.24,21),(10260,'S700_1938',2,80.55,33),(10261,'S10_4757',1,116.96,27),(10261,'S18_4522',9,80.75,20),(10261,'S24_2011',8,105.69,36),(10261,'S24_3151',3,79.66,22),(10261,'S700_1138',4,64,34),(10261,'S700_2610',2,58.55,44),(10261,'S700_3505',5,89.15,25),(10261,'S700_3962',6,88.39,50),(10261,'S72_3212',7,43.68,29),(10262,'S18_1662',9,157.69,49),(10262,'S18_3029',15,81.72,32),(10262,'S18_3856',14,85.75,34),(10262,'S24_1785',1,98.48,34),(10262,'S24_2841',10,63.71,24),(10262,'S24_3420',11,65.75,46),(10262,'S24_3816',16,82.18,49),(10262,'S24_3949',8,58.69,48),(10262,'S32_4289',2,63.97,40),(10262,'S50_1341',3,35.78,49),(10262,'S700_1691',4,87.69,40),(10262,'S700_2047',13,83.28,44),(10262,'S700_2466',6,81.77,33),(10262,'S700_3167',5,64.8,27),(10262,'S700_4002',7,64.41,35),(10262,'S72_1253',12,41.71,21),(10263,'S10_1678',2,89,34),(10263,'S10_2016',5,107.05,40),(10263,'S10_4698',4,193.66,41),(10263,'S12_2823',1,123.51,48),(10263,'S18_2581',10,67.58,33),(10263,'S18_2625',6,50.27,34),(10263,'S24_1578',3,109.32,42),(10263,'S24_2000',7,67.03,37),(10263,'S24_4278',11,59.41,24),(10263,'S32_1374',8,93.9,31),(10263,'S700_2834',9,117.46,47),(10264,'S18_3782',3,58.44,48),(10264,'S18_4721',2,124.99,20),(10264,'S24_2360',6,61.64,37),(10264,'S24_4620',1,75.18,47),(10264,'S32_2206',4,39.02,20),(10264,'S32_4485',7,100.01,34),(10264,'S50_4713',5,67.53,47),(10265,'S18_3278',2,74.78,45),(10265,'S18_3482',1,123.47,49),(10266,'S12_1099',14,188.73,44),(10266,'S12_3380',12,110.39,22),(10266,'S12_3990',15,67.83,35),(10266,'S12_4675',11,112.86,40),(10266,'S18_1129',6,131.63,21),(10266,'S18_1589',2,99.55,36),(10266,'S18_1889',10,77,33),(10266,'S18_1984',5,139.41,49),(10266,'S18_2870',3,113.52,20),(10266,'S18_3232',7,137.17,29),(10266,'S18_3685',4,127.15,33),(10266,'S24_1628',1,40.25,28),(10266,'S24_2972',8,35.12,34),(10266,'S24_3371',13,56.33,47),(10266,'S24_3856',9,119.37,24),(10267,'S18_4933',1,71.27,36),(10267,'S24_1046',5,72.02,40),(10267,'S24_2766',3,76.33,38),(10267,'S24_2887',2,93.95,43),(10267,'S24_3191',4,83.9,44),(10267,'S24_3432',6,98.51,43),(10268,'S18_1342',3,93.49,49),(10268,'S18_1367',2,45.82,26),(10268,'S18_1749',10,164.9,34),(10268,'S18_2248',9,60.54,31),(10268,'S18_2325',7,124.59,50),(10268,'S18_2795',4,148.5,35),(10268,'S18_3320',1,96.23,39),(10268,'S18_4409',11,84.67,35),(10268,'S24_1937',6,31.86,33),(10268,'S24_2022',5,36.29,40),(10268,'S24_3969',8,37.75,30),(10269,'S18_2957',1,57.46,32),(10269,'S24_4258',2,95.44,48),(10270,'S10_1949',9,171.44,21),(10270,'S10_4962',2,124.1,32),(10270,'S12_1666',6,135.3,28),(10270,'S18_1097',8,94.5,43),(10270,'S18_2949',10,81.05,31),(10270,'S18_3136',11,85.87,38),(10270,'S18_4600',3,107.76,38),(10270,'S18_4668',7,40.25,44),(10270,'S32_1268',1,93.42,32),(10270,'S32_3522',5,52.36,21),(10270,'S700_2824',4,101.15,46),(10271,'S12_4473',5,99.54,31),(10271,'S18_2238',4,147.36,50),(10271,'S18_2319',8,121.5,50),(10271,'S18_2432',11,59.55,25),(10271,'S18_3232',9,169.34,20),(10271,'S24_1444',2,49.71,45),(10271,'S24_2300',10,122.68,43),(10271,'S24_2840',6,28.64,38),(10271,'S24_4048',1,110,22),(10271,'S32_2509',7,51.95,35),(10271,'S50_1392',3,93.76,34),(10272,'S12_1108',2,187.02,35),(10272,'S12_3148',3,123.89,27),(10272,'S12_3891',1,148.8,39),(10272,'S18_4027',5,126.39,25),(10272,'S32_3207',6,56.55,45),(10272,'S50_1514',4,53.89,43),(10273,'S10_4757',4,136,30),(10273,'S18_3029',2,84.3,34),(10273,'S18_3140',13,117.47,40),(10273,'S18_3259',15,87.73,47),(10273,'S18_3856',1,105.87,50),(10273,'S18_4522',12,72.85,33),(10273,'S24_2011',11,103.23,22),(10273,'S24_3151',6,84.08,27),(10273,'S24_3816',3,83.86,48),(10273,'S700_1138',7,66,21),(10273,'S700_1938',14,77.95,21),(10273,'S700_2610',5,57.82,42),(10273,'S700_3505',8,91.15,40),(10273,'S700_3962',9,89.38,26),(10273,'S72_3212',10,51.32,37),(10274,'S18_1662',1,129.31,41),(10274,'S24_2841',2,56.86,40),(10274,'S24_3420',3,65.09,24),(10274,'S700_2047',5,75.13,24),(10274,'S72_1253',4,49.66,32),(10275,'S10_1678',1,81.35,45),(10275,'S10_2016',4,115.37,22),(10275,'S10_4698',3,154.93,36),(10275,'S18_2581',9,70.12,35),(10275,'S18_2625',5,52.09,37),(10275,'S24_1578',2,105.94,21),(10275,'S24_1785',11,97.38,25),(10275,'S24_2000',6,61.7,30),(10275,'S24_3949',18,58,41),(10275,'S24_4278',10,67.38,27),(10275,'S32_1374',7,89.9,23),(10275,'S32_4289',12,58.47,28),(10275,'S50_1341',13,40.15,38),(10275,'S700_1691',14,85.86,32),(10275,'S700_2466',16,82.77,39),(10275,'S700_2834',8,102.04,48),(10275,'S700_3167',15,72,43),(10275,'S700_4002',17,59.96,31),(10276,'S12_1099',3,184.84,50),(10276,'S12_2823',14,150.62,43),(10276,'S12_3380',1,104.52,47),(10276,'S12_3990',4,67.83,38),(10276,'S18_3278',6,78,38),(10276,'S18_3482',5,139.64,30),(10276,'S18_3782',9,54.71,33),(10276,'S18_4721',8,120.53,48),(10276,'S24_2360',12,61.64,46),(10276,'S24_3371',2,58.17,20),(10276,'S24_4620',7,67.1,48),(10276,'S32_2206',10,35.4,27),(10276,'S32_4485',13,94.91,38),(10276,'S50_4713',11,67.53,21),(10277,'S12_4675',1,93.28,28),(10278,'S18_1129',6,114.65,34),(10278,'S18_1589',2,107.02,23),(10278,'S18_1889',10,73.15,29),(10278,'S18_1984',5,118.07,29),(10278,'S18_2870',3,117.48,39),(10278,'S18_3232',7,167.65,42),(10278,'S18_3685',4,114.44,31),(10278,'S24_1628',1,48.8,35),(10278,'S24_2972',8,37.38,31),(10278,'S24_3856',9,136.22,25),(10279,'S18_4933',1,68.42,26),(10279,'S24_1046',5,68.35,32),(10279,'S24_2766',3,76.33,49),(10279,'S24_2887',2,106.87,48),(10279,'S24_3191',4,78.76,33),(10279,'S24_3432',6,95.3,48),(10280,'S10_1949',2,205.73,34),(10280,'S18_1097',1,98,24),(10280,'S18_1342',9,87.33,50),(10280,'S18_1367',8,47.44,27),(10280,'S18_1749',16,161.5,26),(10280,'S18_2248',15,53.28,25),(10280,'S18_2325',13,109.33,37),(10280,'S18_2795',10,158.63,22),(10280,'S18_2949',3,82.06,46),(10280,'S18_2957',5,54.34,43),(10280,'S18_3136',4,102.63,29),(10280,'S18_3320',7,99.21,34),(10280,'S18_4409',17,77.31,35),(10280,'S24_1937',12,29.87,20),(10280,'S24_2022',11,36.29,45),(10280,'S24_3969',14,35.29,33),(10280,'S24_4258',6,79.86,21),(10281,'S10_4962',9,132.97,44),(10281,'S12_1666',13,127.1,25),(10281,'S12_4473',1,98.36,41),(10281,'S18_2319',4,114.14,48),(10281,'S18_2432',7,56.52,29),(10281,'S18_3232',5,135.47,25),(10281,'S18_4600',10,96.86,25),(10281,'S18_4668',14,42.76,44),(10281,'S24_2300',6,112.46,25),(10281,'S24_2840',2,33.95,20),(10281,'S32_1268',8,80.9,29),(10281,'S32_2509',3,44.91,31),(10281,'S32_3522',12,59.47,36),(10281,'S700_2824',11,89.01,27),(10282,'S12_1108',5,176.63,41),(10282,'S12_3148',6,142.02,27),(10282,'S12_3891',4,169.56,24),(10282,'S18_2238',13,147.36,23),(10282,'S18_3140',1,122.93,43),(10282,'S18_3259',3,88.74,36),(10282,'S18_4027',8,132.13,31),(10282,'S24_1444',11,49.71,29),(10282,'S24_4048',10,96.99,39),(10282,'S32_3207',9,51.58,36),(10282,'S50_1392',12,114.59,38),(10282,'S50_1514',7,56.24,37),(10282,'S700_1938',2,77.95,43),(10283,'S10_4757',6,130.56,25),(10283,'S18_3029',4,78.28,21),(10283,'S18_3856',3,100.58,46),(10283,'S18_4522',14,71.97,34),(10283,'S24_2011',13,99.54,42),(10283,'S24_3151',8,80.54,34),(10283,'S24_3816',5,77.15,33),(10283,'S700_1138',9,62,45),(10283,'S700_2047',2,74.23,20),(10283,'S700_2610',7,68.67,47),(10283,'S700_3505',10,88.15,22),(10283,'S700_3962',11,85.41,38),(10283,'S72_1253',1,41.22,43),(10283,'S72_3212',12,49.14,33),(10284,'S18_1662',11,137.19,45),(10284,'S18_2581',1,68.43,31),(10284,'S24_1785',3,101.76,22),(10284,'S24_2841',12,65.08,30),(10284,'S24_3420',13,59.83,39),(10284,'S24_3949',10,65.51,21),(10284,'S24_4278',2,66.65,21),(10284,'S32_4289',4,60.54,50),(10284,'S50_1341',5,35.78,33),(10284,'S700_1691',6,87.69,24),(10284,'S700_2466',8,95.73,45),(10284,'S700_3167',7,68,25),(10284,'S700_4002',9,73.29,32),(10285,'S10_1678',6,95.7,36),(10285,'S10_2016',9,110.61,47),(10285,'S10_4698',8,166.55,27),(10285,'S12_2823',5,131.04,49),(10285,'S18_2625',10,50.88,20),(10285,'S24_1578',7,91.29,34),(10285,'S24_2000',11,61.7,39),(10285,'S24_2360',3,64.41,38),(10285,'S32_1374',12,82.91,37),(10285,'S32_2206',1,36.61,37),(10285,'S32_4485',4,100.01,26),(10285,'S50_4713',2,76.48,39),(10285,'S700_2834',13,102.04,45),(10286,'S18_3782',1,51.6,38),(10287,'S12_1099',12,190.68,21),(10287,'S12_3380',10,117.44,45),(10287,'S12_3990',13,74.21,41),(10287,'S12_4675',9,107.1,23),(10287,'S18_1129',4,113.23,41),(10287,'S18_1889',8,61.6,44),(10287,'S18_1984',3,123.76,24),(10287,'S18_2870',1,114.84,44),(10287,'S18_3232',5,137.17,36),(10287,'S18_3278',15,68.35,43),(10287,'S18_3482',14,127.88,40),(10287,'S18_3685',2,139.87,27),(10287,'S18_4721',17,119.04,34),(10287,'S24_2972',6,31.34,36),(10287,'S24_3371',11,58.17,20),(10287,'S24_3856',7,137.62,36),(10287,'S24_4620',16,79.22,40),(10288,'S18_1589',14,120.71,20),(10288,'S18_1749',5,168.3,32),(10288,'S18_2248',4,50.25,28),(10288,'S18_2325',2,102.98,31),(10288,'S18_4409',6,90.19,35),(10288,'S18_4933',7,57.02,23),(10288,'S24_1046',11,66.88,36),(10288,'S24_1628',13,49.3,50),(10288,'S24_1937',1,32.19,29),(10288,'S24_2766',9,81.78,35),(10288,'S24_2887',8,109.22,48),(10288,'S24_3191',10,76.19,34),(10288,'S24_3432',12,101.73,41),(10288,'S24_3969',3,37.75,33),(10289,'S18_1342',2,92.47,38),(10289,'S18_1367',1,44.75,24),(10289,'S18_2795',3,141.75,43),(10289,'S24_2022',4,41.22,45),(10290,'S18_3320',2,80.36,26),(10290,'S24_4258',1,83.76,45),(10291,'S10_1949',11,210.01,37),(10291,'S10_4962',4,141.83,30),(10291,'S12_1666',8,123,41),(10291,'S18_1097',10,96.84,41),(10291,'S18_2432',2,52.26,26),(10291,'S18_2949',12,99.28,47),(10291,'S18_2957',14,56.21,37),(10291,'S18_3136',13,93.2,23),(10291,'S18_4600',5,96.86,48),(10291,'S18_4668',9,45.28,29),(10291,'S24_2300',1,109.9,48),(10291,'S32_1268',3,82.83,26),(10291,'S32_3522',7,53,32),(10291,'S700_2824',6,86.99,28),(10292,'S12_4473',8,94.8,21),(10292,'S18_2238',7,140.81,26),(10292,'S18_2319',11,103.09,41),(10292,'S18_3232',12,147.33,21),(10292,'S18_4027',2,114.9,44),(10292,'S24_1444',5,48.55,40),(10292,'S24_2840',9,34.3,39),(10292,'S24_4048',4,113.55,27),(10292,'S32_2509',10,54.11,50),(10292,'S32_3207',3,59.65,31),(10292,'S50_1392',6,113.44,41),(10292,'S50_1514',1,49.79,35),(10293,'S12_1108',8,187.02,46),(10293,'S12_3148',9,129.93,24),(10293,'S12_3891',7,171.29,45),(10293,'S18_3140',4,110.64,24),(10293,'S18_3259',6,91.76,22),(10293,'S18_4522',3,72.85,49),(10293,'S24_2011',2,111.83,21),(10293,'S700_1938',5,77.95,29),(10293,'S72_3212',1,51.32,32),(10294,'S700_3962',1,98.32,45),(10295,'S10_4757',1,136,24),(10295,'S24_3151',3,84.08,46),(10295,'S700_1138',4,62,26),(10295,'S700_2610',2,71.56,44),(10295,'S700_3505',5,93.16,34),(10296,'S18_1662',7,146.65,36),(10296,'S18_3029',13,69.68,21),(10296,'S18_3856',12,105.87,22),(10296,'S24_2841',8,60.97,21),(10296,'S24_3420',9,63.78,31),(10296,'S24_3816',14,83.02,22),(10296,'S24_3949',6,63.46,32),(10296,'S50_1341',1,41.02,26),(10296,'S700_1691',2,75.81,42),(10296,'S700_2047',11,89.61,34),(10296,'S700_2466',4,96.73,24),(10296,'S700_3167',3,74.4,22),(10296,'S700_4002',5,61.44,47),(10296,'S72_1253',10,46.68,21),(10297,'S18_2581',4,81.95,25),(10297,'S24_1785',6,107.23,32),(10297,'S24_2000',1,70.08,32),(10297,'S24_4278',5,71.73,23),(10297,'S32_1374',2,88.9,26),(10297,'S32_4289',7,63.29,28),(10297,'S700_2834',3,111.53,35),(10298,'S10_2016',1,105.86,39),(10298,'S18_2625',2,60.57,32),(10299,'S10_1678',9,76.56,23),(10299,'S10_4698',11,164.61,29),(10299,'S12_2823',8,123.51,24),(10299,'S18_3782',3,62.17,39),(10299,'S18_4721',2,119.04,49),(10299,'S24_1578',10,107.07,47),(10299,'S24_2360',6,58.87,33),(10299,'S24_4620',1,66.29,32),(10299,'S32_2206',4,36.21,24),(10299,'S32_4485',7,84.7,38),(10299,'S50_4713',5,77.29,44),(10300,'S12_1099',5,184.84,33),(10300,'S12_3380',3,116.27,29),(10300,'S12_3990',6,76.61,22),(10300,'S12_4675',2,95.58,23),(10300,'S18_1889',1,63.14,41),(10300,'S18_3278',8,65.94,49),(10300,'S18_3482',7,144.05,23),(10300,'S24_3371',4,52.05,31),(10301,'S18_1129',8,114.65,37),(10301,'S18_1589',4,118.22,32),(10301,'S18_1984',7,119.49,47),(10301,'S18_2870',5,113.52,22),(10301,'S18_3232',9,135.47,23),(10301,'S18_3685',6,137.04,39),(10301,'S24_1046',1,64.67,27),(10301,'S24_1628',3,40.75,22),(10301,'S24_2972',10,32.1,48),(10301,'S24_3432',2,86.73,22),(10301,'S24_3856',11,122.17,50),(10302,'S18_1749',1,166.6,43),(10302,'S18_4409',2,82.83,38),(10302,'S18_4933',3,70.56,23),(10302,'S24_2766',5,75.42,49),(10302,'S24_2887',4,104.52,45),(10302,'S24_3191',6,74.48,48),(10303,'S18_2248',2,56.91,46),(10303,'S24_3969',1,35.7,24),(10304,'S10_1949',6,201.44,47),(10304,'S12_1666',3,117.54,39),(10304,'S18_1097',5,106.17,46),(10304,'S18_1342',13,95.55,37),(10304,'S18_1367',12,46.9,37),(10304,'S18_2325',17,102.98,24),(10304,'S18_2795',14,141.75,20),(10304,'S18_2949',7,98.27,46),(10304,'S18_2957',9,54.34,24),(10304,'S18_3136',8,90.06,26),(10304,'S18_3320',11,95.24,38),(10304,'S18_4668',4,44.27,34),(10304,'S24_1937',16,29.21,23),(10304,'S24_2022',15,42.11,44),(10304,'S24_4258',10,80.83,33),(10304,'S32_3522',2,52.36,36),(10304,'S700_2824',1,80.92,40),(10305,'S10_4962',13,130.01,38),(10305,'S12_4473',5,107.84,38),(10305,'S18_2238',4,132.62,27),(10305,'S18_2319',8,117.82,36),(10305,'S18_2432',11,58.95,41),(10305,'S18_3232',9,160.87,37),(10305,'S18_4600',14,112.6,22),(10305,'S24_1444',2,48.55,45),(10305,'S24_2300',10,107.34,24),(10305,'S24_2840',6,30.76,48),(10305,'S24_4048',1,118.28,36),(10305,'S32_1268',12,94.38,28),(10305,'S32_2509',7,48.7,40),(10305,'S50_1392',3,109.96,42),(10306,'S12_1108',13,182.86,31),(10306,'S12_3148',14,145.04,34),(10306,'S12_3891',12,145.34,20),(10306,'S18_3140',9,114.74,32),(10306,'S18_3259',11,83.7,40),(10306,'S18_4027',16,126.39,23),(10306,'S18_4522',8,85.14,39),(10306,'S24_2011',7,109.37,29),(10306,'S24_3151',2,76.12,31),(10306,'S32_3207',17,60.28,46),(10306,'S50_1514',15,51.55,34),(10306,'S700_1138',3,61.34,50),(10306,'S700_1938',10,73.62,38),(10306,'S700_2610',1,62.16,43),(10306,'S700_3505',4,99.17,32),(10306,'S700_3962',5,87.39,30),(10306,'S72_3212',6,48.05,35),(10307,'S10_4757',9,118.32,22),(10307,'S18_1662',1,135.61,39),(10307,'S18_3029',7,71.4,31),(10307,'S18_3856',6,92.11,48),(10307,'S24_2841',2,58.23,25),(10307,'S24_3420',3,64.44,22),(10307,'S24_3816',8,75.47,22),(10307,'S700_2047',5,81.47,34),(10307,'S72_1253',4,44.2,34),(10308,'S10_2016',2,115.37,34),(10308,'S10_4698',1,187.85,20),(10308,'S18_2581',7,81.95,27),(10308,'S18_2625',3,48.46,34),(10308,'S24_1785',9,99.57,31),(10308,'S24_2000',4,68.55,47),(10308,'S24_3949',16,58,43),(10308,'S24_4278',8,71.73,44),(10308,'S32_1374',5,99.89,24),(10308,'S32_4289',10,61.22,46),(10308,'S50_1341',11,37.09,47),(10308,'S700_1691',12,73.07,21),(10308,'S700_2466',14,88.75,35),(10308,'S700_2834',6,100.85,31),(10308,'S700_3167',13,79.2,21),(10308,'S700_4002',15,62.93,39),(10309,'S10_1678',5,94.74,41),(10309,'S12_2823',4,144.6,26),(10309,'S24_1578',6,96.92,21),(10309,'S24_2360',2,59.56,24),(10309,'S32_4485',3,93.89,50),(10309,'S50_4713',1,74.04,28),(10310,'S12_1099',10,165.38,33),(10310,'S12_3380',8,105.7,24),(10310,'S12_3990',11,77.41,49),(10310,'S12_4675',7,101.34,25),(10310,'S18_1129',2,128.8,37),(10310,'S18_1889',6,66.99,20),(10310,'S18_1984',1,129.45,24),(10310,'S18_3232',3,159.18,48),(10310,'S18_3278',13,70.76,27),(10310,'S18_3482',12,122,49),(10310,'S18_3782',16,59.06,42),(10310,'S18_4721',15,133.92,40),(10310,'S24_2972',4,33.23,33),(10310,'S24_3371',9,50.21,38),(10310,'S24_3856',5,139.03,45),(10310,'S24_4620',14,75.18,49),(10310,'S32_2206',17,38.62,36),(10311,'S18_1589',9,124.44,29),(10311,'S18_2870',10,114.84,43),(10311,'S18_3685',11,134.22,32),(10311,'S18_4409',1,92.03,41),(10311,'S18_4933',2,66.99,25),(10311,'S24_1046',6,70.55,26),(10311,'S24_1628',8,48.8,45),(10311,'S24_2766',4,89.05,28),(10311,'S24_2887',3,116.27,43),(10311,'S24_3191',5,85.61,25),(10311,'S24_3432',7,91.02,46),(10312,'S10_1949',3,214.3,48),(10312,'S18_1097',2,101.5,32),(10312,'S18_1342',10,102.74,43),(10312,'S18_1367',9,43.67,25),(10312,'S18_1749',17,146.2,48),(10312,'S18_2248',16,48.43,30),(10312,'S18_2325',14,111.87,31),(10312,'S18_2795',11,150.19,25),(10312,'S18_2949',4,91.18,37),(10312,'S18_2957',6,54.34,35),(10312,'S18_3136',5,93.2,38),(10312,'S18_3320',8,84.33,33),(10312,'S18_4668',1,44.27,39),(10312,'S24_1937',13,27.88,39),(10312,'S24_2022',12,43.46,23),(10312,'S24_3969',15,40.21,31),(10312,'S24_4258',7,96.42,44),(10313,'S10_4962',7,141.83,40),(10313,'S12_1666',11,131.2,21),(10313,'S18_2319',2,109.23,29),(10313,'S18_2432',5,52.87,34),(10313,'S18_3232',3,143.94,25),(10313,'S18_4600',8,110.18,28),(10313,'S24_2300',4,102.23,42),(10313,'S32_1268',6,96.31,27),(10313,'S32_2509',1,48.7,38),(10313,'S32_3522',10,55.59,34),(10313,'S700_2824',9,96.09,30),(10314,'S12_1108',5,176.63,38),(10314,'S12_3148',6,125.4,46),(10314,'S12_3891',4,169.56,36),(10314,'S12_4473',14,95.99,45),(10314,'S18_2238',13,135.9,42),(10314,'S18_3140',1,129.76,20),(10314,'S18_3259',3,84.71,23),(10314,'S18_4027',8,129.26,29),(10314,'S24_1444',11,51.44,44),(10314,'S24_2840',15,31.82,39),(10314,'S24_4048',10,111.18,38),(10314,'S32_3207',9,58.41,35),(10314,'S50_1392',12,115.75,28),(10314,'S50_1514',7,50.38,38),(10314,'S700_1938',2,83.15,23),(10315,'S18_4522',7,78.12,36),(10315,'S24_2011',6,111.83,35),(10315,'S24_3151',1,78.77,24),(10315,'S700_1138',2,60.67,41),(10315,'S700_3505',3,99.17,31),(10315,'S700_3962',4,88.39,37),(10315,'S72_3212',5,51.32,40),(10316,'S10_4757',17,126.48,33),(10316,'S18_1662',9,140.34,27),(10316,'S18_3029',15,72.26,21),(10316,'S18_3856',14,89.99,47),(10316,'S24_1785',1,93.01,25),(10316,'S24_2841',10,67.14,34),(10316,'S24_3420',11,55.23,47),(10316,'S24_3816',16,77.15,25),(10316,'S24_3949',8,67.56,30),(10316,'S32_4289',2,59.16,24),(10316,'S50_1341',3,36.66,34),(10316,'S700_1691',4,74.9,34),(10316,'S700_2047',13,73.32,45),(10316,'S700_2466',6,85.76,23),(10316,'S700_2610',18,67.22,48),(10316,'S700_3167',5,77.6,48),(10316,'S700_4002',7,68.11,44),(10316,'S72_1253',12,43.7,34),(10317,'S24_4278',1,69.55,35),(10318,'S10_1678',1,84.22,46),(10318,'S10_2016',4,102.29,45),(10318,'S10_4698',3,189.79,37),(10318,'S18_2581',9,81.95,31),(10318,'S18_2625',5,49.67,42),(10318,'S24_1578',2,93.54,48),(10318,'S24_2000',6,60.94,26),(10318,'S32_1374',7,81.91,47),(10318,'S700_2834',8,102.04,50),(10319,'S12_2823',9,134.05,30),(10319,'S18_3278',1,77.19,46),(10319,'S18_3782',4,54.71,44),(10319,'S18_4721',3,120.53,45),(10319,'S24_2360',7,65.8,31),(10319,'S24_4620',2,78.41,43),(10319,'S32_2206',5,35,29),(10319,'S32_4485',8,96.95,22),(10319,'S50_4713',6,79.73,45),(10320,'S12_1099',3,184.84,31),(10320,'S12_3380',1,102.17,35),(10320,'S12_3990',4,63.84,38),(10320,'S18_3482',5,139.64,25),(10320,'S24_3371',2,60.62,26),(10321,'S12_4675',15,105.95,24),(10321,'S18_1129',10,123.14,41),(10321,'S18_1589',6,120.71,44),(10321,'S18_1889',14,73.92,37),(10321,'S18_1984',9,142.25,25),(10321,'S18_2870',7,126.72,27),(10321,'S18_3232',11,164.26,33),(10321,'S18_3685',8,138.45,28),(10321,'S24_1046',3,68.35,30),(10321,'S24_1628',5,42.76,48),(10321,'S24_2766',1,74.51,30),(10321,'S24_2972',12,31.72,37),(10321,'S24_3191',2,81.33,39),(10321,'S24_3432',4,103.87,21),(10321,'S24_3856',13,137.62,26),(10322,'S10_1949',1,180.01,40),(10322,'S10_4962',8,141.83,46),(10322,'S12_1666',9,136.67,27),(10322,'S18_1097',10,101.5,22),(10322,'S18_1342',14,92.47,43),(10322,'S18_1367',5,44.21,41),(10322,'S18_2325',6,120.77,50),(10322,'S18_2432',11,57.12,35),(10322,'S18_2795',2,158.63,36),(10322,'S18_2949',12,100.3,33),(10322,'S18_2957',13,54.34,41),(10322,'S18_3136',7,90.06,48),(10322,'S24_1937',3,26.55,20),(10322,'S24_2022',4,40.77,30),(10323,'S18_3320',2,88.3,33),(10323,'S18_4600',1,96.86,47),(10324,'S12_3148',1,148.06,27),(10324,'S12_4473',7,100.73,26),(10324,'S18_2238',8,142.45,47),(10324,'S18_2319',10,105.55,33),(10324,'S18_3232',12,137.17,27),(10324,'S18_4027',13,120.64,49),(10324,'S18_4668',6,49.81,38),(10324,'S24_1444',14,49.71,25),(10324,'S24_2300',2,107.34,31),(10324,'S24_2840',9,29.35,30),(10324,'S24_4258',3,95.44,33),(10324,'S32_1268',11,91.49,20),(10324,'S32_3522',4,60.76,48),(10324,'S700_2824',5,80.92,34),(10325,'S10_4757',6,111.52,47),(10325,'S12_1108',8,193.25,42),(10325,'S12_3891',1,166.1,24),(10325,'S18_3140',9,114.74,24),(10325,'S24_4048',5,114.73,44),(10325,'S32_2509',3,44.37,38),(10325,'S32_3207',2,55.3,28),(10325,'S50_1392',4,99.55,38),(10325,'S50_1514',7,56.24,44),(10326,'S18_3259',6,94.79,32),(10326,'S18_4522',5,73.73,50),(10326,'S24_2011',4,120.43,41),(10326,'S24_3151',3,86.74,41),(10326,'S24_3816',2,81.34,20),(10326,'S700_1138',1,60.67,39),(10327,'S18_1662',6,154.54,25),(10327,'S18_2581',8,74.34,45),(10327,'S18_3029',5,74.84,25),(10327,'S700_1938',7,79.68,20),(10327,'S700_2610',1,65.05,21),(10327,'S700_3505',2,85.14,43),(10327,'S700_3962',3,83.42,37),(10327,'S72_3212',4,48.05,37),(10328,'S18_3856',6,104.81,34),(10328,'S24_1785',14,87.54,47),(10328,'S24_2841',1,67.82,48),(10328,'S24_3420',2,56.55,20),(10328,'S24_3949',3,55.96,35),(10328,'S24_4278',4,69.55,43),(10328,'S32_4289',5,57.1,24),(10328,'S50_1341',7,42.33,34),(10328,'S700_1691',8,84.03,27),(10328,'S700_2047',9,75.13,41),(10328,'S700_2466',10,95.73,37),(10328,'S700_2834',11,117.46,33),(10328,'S700_3167',13,71.2,33),(10328,'S700_4002',12,69.59,39),(10329,'S10_1678',1,80.39,42),(10329,'S10_2016',2,109.42,20),(10329,'S10_4698',3,164.61,26),(10329,'S12_1099',5,182.9,41),(10329,'S12_2823',6,128.03,24),(10329,'S12_3380',13,117.44,46),(10329,'S12_3990',14,74.21,33),(10329,'S12_4675',15,102.49,39),(10329,'S18_1889',9,66.22,29),(10329,'S18_2625',12,55.72,38),(10329,'S18_3278',10,65.13,38),(10329,'S24_1578',7,104.81,30),(10329,'S24_2000',4,71.6,37),(10329,'S32_1374',11,80.91,45),(10329,'S72_1253',8,41.22,44),(10330,'S18_3482',3,136.7,37),(10330,'S18_3782',2,59.06,29),(10330,'S18_4721',4,133.92,50),(10330,'S24_2360',1,56.1,42),(10331,'S18_1129',6,120.31,46),(10331,'S18_1589',14,99.55,44),(10331,'S18_1749',7,154.7,44),(10331,'S18_1984',8,135.14,30),(10331,'S18_2870',10,130.68,26),(10331,'S18_3232',11,169.34,27),(10331,'S18_3685',12,132.8,26),(10331,'S24_2972',13,37,27),(10331,'S24_3371',9,55.11,25),(10331,'S24_3856',1,139.03,21),(10331,'S24_4620',2,70.33,41),(10331,'S32_2206',3,33.39,28),(10331,'S32_4485',4,100.01,32),(10331,'S50_4713',5,74.04,20),(10332,'S18_1342',15,89.38,46),(10332,'S18_1367',16,51.21,27),(10332,'S18_2248',9,53.88,38),(10332,'S18_2325',8,116.96,35),(10332,'S18_2795',1,138.38,24),(10332,'S18_2957',17,53.09,26),(10332,'S18_3136',18,100.53,40),(10332,'S18_4409',2,92.03,50),(10332,'S18_4933',3,70.56,21),(10332,'S24_1046',4,61.73,23),(10332,'S24_1628',5,47.29,20),(10332,'S24_1937',6,29.87,45),(10332,'S24_2022',10,43.01,26),(10332,'S24_2766',7,84.51,39),(10332,'S24_2887',11,108.04,44),(10332,'S24_3191',12,77.91,45),(10332,'S24_3432',13,94.23,31),(10332,'S24_3969',14,34.47,41),(10333,'S10_1949',3,188.58,26),(10333,'S12_1666',6,121.64,33),(10333,'S18_1097',7,110.84,29),(10333,'S18_2949',5,95.23,31),(10333,'S18_3320',2,95.24,46),(10333,'S18_4668',8,42.26,24),(10333,'S24_4258',1,95.44,39),(10333,'S32_3522',4,62.05,33),(10334,'S10_4962',2,130.01,26),(10334,'S18_2319',6,108,46),(10334,'S18_2432',1,52.87,34),(10334,'S18_3232',3,147.33,20),(10334,'S18_4600',4,101.71,49),(10334,'S24_2300',5,117.57,42),(10335,'S24_2840',2,32.88,33),(10335,'S32_1268',1,77.05,44),(10335,'S32_2509',3,49.78,40),(10336,'S12_1108',10,176.63,33),(10336,'S12_3148',11,126.91,33),(10336,'S12_3891',1,141.88,49),(10336,'S12_4473',3,95.99,38),(10336,'S18_2238',6,153.91,49),(10336,'S18_3140',12,135.22,48),(10336,'S18_3259',7,100.84,21),(10336,'S24_1444',4,49.71,45),(10336,'S24_4048',5,113.55,31),(10336,'S32_3207',9,59.03,31),(10336,'S50_1392',8,109.96,23),(10336,'S700_2824',2,94.07,46),(10337,'S10_4757',8,131.92,25),(10337,'S18_4027',3,140.75,36),(10337,'S18_4522',2,76.36,29),(10337,'S24_2011',4,119.2,29),(10337,'S50_1514',6,54.48,21),(10337,'S700_1938',9,73.62,36),(10337,'S700_3505',1,84.14,31),(10337,'S700_3962',7,83.42,36),(10337,'S72_3212',5,49.14,42),(10338,'S18_1662',1,137.19,41),(10338,'S18_3029',3,80.86,28),(10338,'S18_3856',2,93.17,45),(10339,'S10_2016',4,117.75,40),(10339,'S10_4698',3,178.17,39),(10339,'S18_2581',2,79.41,27),(10339,'S18_2625',1,48.46,30),(10339,'S24_1578',10,96.92,27),(10339,'S24_1785',7,106.14,21),(10339,'S24_2841',12,67.82,55),(10339,'S24_3151',13,73.46,55),(10339,'S24_3420',14,57.86,29),(10339,'S24_3816',16,72.96,42),(10339,'S24_3949',11,57.32,45),(10339,'S700_1138',5,53.34,22),(10339,'S700_2047',15,86.9,55),(10339,'S700_2610',9,62.16,50),(10339,'S700_4002',8,66.63,50),(10339,'S72_1253',6,49.66,27),(10340,'S24_2000',8,62.46,55),(10340,'S24_4278',1,63.76,40),(10340,'S32_1374',2,95.89,55),(10340,'S32_4289',3,67.41,39),(10340,'S50_1341',4,37.09,40),(10340,'S700_1691',5,73.99,30),(10340,'S700_2466',7,81.77,55),(10340,'S700_2834',6,98.48,29),(10341,'S10_1678',9,84.22,41),(10341,'S12_1099',2,192.62,45),(10341,'S12_2823',8,120.5,55),(10341,'S12_3380',1,111.57,44),(10341,'S12_3990',10,77.41,36),(10341,'S12_4675',7,109.4,55),(10341,'S24_2360',6,63.03,32),(10341,'S32_4485',4,95.93,31),(10341,'S50_4713',3,78.11,38),(10341,'S700_3167',5,70.4,34),(10342,'S18_1129',2,118.89,40),(10342,'S18_1889',1,63.14,55),(10342,'S18_1984',3,115.22,22),(10342,'S18_3232',4,167.65,30),(10342,'S18_3278',5,76.39,25),(10342,'S18_3482',7,136.7,55),(10342,'S18_3782',8,57.82,26),(10342,'S18_4721',11,124.99,38),(10342,'S24_2972',9,30.59,39),(10342,'S24_3371',10,60.01,48),(10342,'S24_3856',6,112.34,42),(10343,'S18_1589',4,109.51,36),(10343,'S18_2870',3,118.8,25),(10343,'S18_3685',2,127.15,44),(10343,'S24_1628',6,44.78,27),(10343,'S24_4620',1,76.8,30),(10343,'S32_2206',5,37.41,29),(10344,'S18_1749',1,168.3,45),(10344,'S18_2248',2,49.04,40),(10344,'S18_2325',3,118.23,30),(10344,'S18_4409',4,80.99,21),(10344,'S18_4933',5,68.42,26),(10344,'S24_1046',7,61,29),(10344,'S24_1937',6,27.88,20),(10345,'S24_2022',1,38.98,43),(10346,'S18_1342',3,88.36,42),(10346,'S24_2766',1,87.24,25),(10346,'S24_2887',5,117.44,24),(10346,'S24_3191',2,80.47,24),(10346,'S24_3432',6,103.87,26),(10346,'S24_3969',4,38.57,22),(10347,'S10_1949',1,188.58,30),(10347,'S10_4962',2,132.97,27),(10347,'S12_1666',3,132.57,29),(10347,'S18_1097',5,113.17,42),(10347,'S18_1367',7,46.36,21),(10347,'S18_2432',8,51.05,50),(10347,'S18_2795',6,136.69,21),(10347,'S18_2949',9,84.09,48),(10347,'S18_2957',10,60.59,34),(10347,'S18_3136',11,95.3,45),(10347,'S18_3320',12,84.33,26),(10347,'S18_4600',4,115.03,45),(10348,'S12_1108',8,207.8,48),(10348,'S12_3148',4,122.37,47),(10348,'S18_4668',6,43.77,29),(10348,'S24_2300',1,107.34,37),(10348,'S24_4258',2,82.78,39),(10348,'S32_1268',3,90.53,42),(10348,'S32_3522',5,62.7,31),(10348,'S700_2824',7,100.14,32),(10349,'S12_3891',10,166.1,26),(10349,'S12_4473',9,114.95,48),(10349,'S18_2238',8,142.45,38),(10349,'S18_2319',7,117.82,38),(10349,'S18_3232',6,164.26,48),(10349,'S18_4027',5,140.75,34),(10349,'S24_1444',4,50.29,48),(10349,'S24_2840',3,31.47,36),(10349,'S24_4048',2,111.18,23),(10349,'S32_2509',1,44.37,33),(10350,'S10_4757',5,110.16,26),(10350,'S18_3029',6,84.3,43),(10350,'S18_3140',1,135.22,44),(10350,'S18_3259',2,94.79,41),(10350,'S18_4522',3,70.22,30),(10350,'S24_2011',7,98.31,34),(10350,'S24_3151',9,86.74,30),(10350,'S24_3816',10,77.15,25),(10350,'S32_3207',14,61.52,27),(10350,'S50_1392',8,104.18,31),(10350,'S50_1514',17,56.82,44),(10350,'S700_1138',11,56,46),(10350,'S700_1938',4,76.22,28),(10350,'S700_2610',12,68.67,29),(10350,'S700_3505',13,87.15,31),(10350,'S700_3962',16,97.32,25),(10350,'S72_3212',15,48.05,20),(10351,'S18_1662',1,143.5,39),(10351,'S18_3856',2,104.81,20),(10351,'S24_2841',5,64.4,25),(10351,'S24_3420',4,53.92,38),(10351,'S24_3949',3,68.24,34),(10352,'S700_2047',3,75.13,23),(10352,'S700_2466',2,87.75,49),(10352,'S700_4002',1,62.19,22),(10352,'S72_1253',4,46.18,49),(10353,'S18_2581',1,71.81,27),(10353,'S24_1785',2,107.23,28),(10353,'S24_4278',3,69.55,35),(10353,'S32_1374',5,86.9,46),(10353,'S32_4289',7,68.1,40),(10353,'S50_1341',8,35.78,40),(10353,'S700_1691',9,73.07,39),(10353,'S700_2834',4,98.48,48),(10353,'S700_3167',6,74.4,43),(10354,'S10_1678',6,84.22,42),(10354,'S10_2016',2,95.15,20),(10354,'S10_4698',3,178.17,42),(10354,'S12_1099',9,157.6,31),(10354,'S12_2823',4,141.58,35),(10354,'S12_3380',11,98.65,29),(10354,'S12_3990',12,76.61,23),(10354,'S12_4675',13,100.19,28),(10354,'S18_1889',8,76.23,21),(10354,'S18_2625',10,49.06,28),(10354,'S18_3278',7,69.15,36),(10354,'S24_1578',5,96.92,21),(10354,'S24_2000',1,62.46,28),(10355,'S18_3482',7,117.59,23),(10355,'S18_3782',1,60.3,31),(10355,'S18_4721',2,124.99,25),(10355,'S24_2360',3,56.1,41),(10355,'S24_2972',4,37.38,36),(10355,'S24_3371',6,60.62,44),(10355,'S24_3856',8,137.62,32),(10355,'S24_4620',9,75.18,28),(10355,'S32_2206',10,32.99,38),(10355,'S32_4485',5,93.89,40),(10356,'S18_1129',8,120.31,43),(10356,'S18_1342',9,82.19,50),(10356,'S18_1367',6,44.75,22),(10356,'S18_1984',2,130.87,27),(10356,'S18_2325',3,106.79,29),(10356,'S18_2795',1,158.63,30),(10356,'S24_1937',5,31.86,48),(10356,'S24_2022',7,42.11,26),(10356,'S50_4713',4,78.11,26),(10357,'S10_1949',10,199.3,32),(10357,'S10_4962',9,135.92,43),(10357,'S12_1666',8,109.34,49),(10357,'S18_1097',1,112,39),(10357,'S18_2432',7,58.95,41),(10357,'S18_2949',6,91.18,41),(10357,'S18_2957',5,59.34,49),(10357,'S18_3136',4,104.72,44),(10357,'S18_3320',3,84.33,25),(10357,'S18_4600',2,105.34,28),(10358,'S12_3148',5,129.93,49),(10358,'S12_4473',9,98.36,42),(10358,'S18_2238',10,142.45,20),(10358,'S18_2319',11,99.41,20),(10358,'S18_3232',12,137.17,32),(10358,'S18_4027',13,117.77,25),(10358,'S18_4668',8,46.29,30),(10358,'S24_1444',14,56.07,44),(10358,'S24_2300',7,127.79,41),(10358,'S24_2840',4,33.59,36),(10358,'S24_4258',6,88.62,41),(10358,'S32_1268',1,82.83,41),(10358,'S32_3522',2,51.71,36),(10358,'S700_2824',3,85.98,27),(10359,'S10_4757',6,122.4,48),(10359,'S12_1108',8,180.79,42),(10359,'S12_3891',5,162.64,49),(10359,'S24_4048',7,108.82,22),(10359,'S32_2509',3,45.45,36),(10359,'S32_3207',1,62.14,22),(10359,'S50_1392',2,99.55,46),(10359,'S50_1514',4,47.45,25),(10360,'S18_1662',12,126.15,50),(10360,'S18_2581',13,68.43,41),(10360,'S18_3029',14,71.4,46),(10360,'S18_3140',8,122.93,29),(10360,'S18_3259',18,94.79,29),(10360,'S18_3856',15,101.64,40),(10360,'S18_4522',1,76.36,40),(10360,'S24_1785',17,106.14,22),(10360,'S24_2011',2,100.77,31),(10360,'S24_2841',16,55.49,49),(10360,'S24_3151',3,70.81,36),(10360,'S24_3816',4,78.83,22),(10360,'S700_1138',5,64.67,32),(10360,'S700_1938',6,86.61,26),(10360,'S700_2610',7,70.11,30),(10360,'S700_3505',9,83.14,35),(10360,'S700_3962',10,92.36,31),(10360,'S72_3212',11,54.05,31),(10361,'S10_1678',13,92.83,20),(10361,'S10_2016',8,114.18,26),(10361,'S24_3420',6,62.46,34),(10361,'S24_3949',7,61.42,26),(10361,'S24_4278',1,68.83,25),(10361,'S32_4289',2,56.41,49),(10361,'S50_1341',3,35.78,33),(10361,'S700_1691',4,88.6,20),(10361,'S700_2047',14,85.99,24),(10361,'S700_2466',9,91.74,26),(10361,'S700_2834',5,107.97,44),(10361,'S700_3167',10,76.8,44),(10361,'S700_4002',11,62.19,35),(10361,'S72_1253',12,47.67,23),(10362,'S10_4698',4,182.04,22),(10362,'S12_2823',1,131.04,22),(10362,'S18_2625',3,53.91,23),(10362,'S24_1578',2,91.29,50),(10363,'S12_1099',3,180.95,33),(10363,'S12_3380',4,106.87,34),(10363,'S12_3990',5,68.63,34),(10363,'S12_4675',6,103.64,46),(10363,'S18_1889',7,61.6,22),(10363,'S18_3278',10,69.15,46),(10363,'S18_3482',11,124.94,24),(10363,'S18_3782',12,52.22,32),(10363,'S18_4721',13,123.5,28),(10363,'S24_2000',8,70.08,21),(10363,'S24_2360',14,56.1,43),(10363,'S24_3371',15,52.05,21),(10363,'S24_3856',1,113.75,31),(10363,'S24_4620',9,75.99,43),(10363,'S32_1374',2,92.9,50),(10364,'S32_2206',1,38.22,48),(10365,'S18_1129',1,116.06,30),(10365,'S32_4485',3,82.66,22),(10365,'S50_4713',2,68.34,44),(10366,'S18_1984',3,116.65,34),(10366,'S18_2870',2,105.6,49),(10366,'S18_3232',1,154.1,34),(10367,'S18_1589',1,105.77,49),(10367,'S18_1749',3,144.5,37),(10367,'S18_2248',4,50.25,45),(10367,'S18_2325',5,124.59,27),(10367,'S18_2795',7,140.06,32),(10367,'S18_3685',6,131.39,46),(10367,'S18_4409',8,77.31,43),(10367,'S18_4933',9,66.99,44),(10367,'S24_1046',10,72.76,21),(10367,'S24_1628',11,50.31,38),(10367,'S24_1937',13,29.54,23),(10367,'S24_2022',12,43.01,28),(10367,'S24_2972',2,36.25,36),(10368,'S24_2766',2,73.6,40),(10368,'S24_2887',5,115.09,31),(10368,'S24_3191',1,83.04,46),(10368,'S24_3432',4,93.16,20),(10368,'S24_3969',3,36.52,46),(10369,'S10_1949',2,195.01,41),(10369,'S18_1342',8,89.38,44),(10369,'S18_1367',7,46.36,32),(10369,'S18_2949',1,100.3,42),(10369,'S18_2957',6,51.84,28),(10369,'S18_3136',5,90.06,21),(10369,'S18_3320',4,80.36,45),(10369,'S24_4258',3,93.49,40),(10370,'S10_4962',4,128.53,35),(10370,'S12_1666',8,128.47,49),(10370,'S18_1097',1,100.34,27),(10370,'S18_2319',5,101.87,22),(10370,'S18_2432',7,60.16,22),(10370,'S18_3232',9,167.65,27),(10370,'S18_4600',6,105.34,29),(10370,'S18_4668',2,41.76,20),(10370,'S32_3522',3,63.99,25),(10371,'S12_1108',6,178.71,32),(10371,'S12_4473',4,104.28,49),(10371,'S18_2238',7,160.46,25),(10371,'S24_1444',12,53.75,25),(10371,'S24_2300',5,126.51,20),(10371,'S24_2840',8,35.01,45),(10371,'S24_4048',9,95.81,28),(10371,'S32_1268',1,82.83,26),(10371,'S32_2509',2,44.37,20),(10371,'S32_3207',11,53.44,30),(10371,'S50_1392',10,97.23,48),(10371,'S700_2824',3,83.95,34),(10372,'S12_3148',4,146.55,40),(10372,'S12_3891',1,140.15,34),(10372,'S18_3140',3,131.13,28),(10372,'S18_3259',5,91.76,25),(10372,'S18_4027',6,119.2,48),(10372,'S18_4522',7,78.99,41),(10372,'S24_2011',8,102,37),(10372,'S50_1514',9,56.82,24),(10372,'S700_1938',2,74.48,44),(10373,'S10_4757',3,118.32,39),(10373,'S18_1662',4,143.5,28),(10373,'S18_3029',5,75.7,22),(10373,'S18_3856',6,99.52,50),(10373,'S24_2841',7,58.92,38),(10373,'S24_3151',12,82.31,33),(10373,'S24_3420',11,53.92,46),(10373,'S24_3816',10,83.86,23),(10373,'S24_3949',13,62.1,39),(10373,'S700_1138',14,58,44),(10373,'S700_2047',15,76.94,32),(10373,'S700_2610',16,69.39,41),(10373,'S700_3505',2,94.16,34),(10373,'S700_3962',8,83.42,37),(10373,'S700_4002',17,68.11,45),(10373,'S72_1253',9,44.2,25),(10373,'S72_3212',1,48.05,29),(10374,'S10_2016',5,115.37,39),(10374,'S10_4698',1,158.8,22),(10374,'S18_2581',2,75.19,42),(10374,'S18_2625',4,48.46,22),(10374,'S24_1578',6,112.7,38),(10374,'S24_1785',3,107.23,46),(10375,'S10_1678',12,76.56,21),(10375,'S12_1099',7,184.84,45),(10375,'S12_2823',13,150.62,49),(10375,'S24_2000',9,67.03,23),(10375,'S24_2360',14,60.26,20),(10375,'S24_4278',2,60.13,43),(10375,'S32_1374',3,87.9,37),(10375,'S32_4289',4,59.85,44),(10375,'S32_4485',15,96.95,41),(10375,'S50_1341',5,36.22,49),(10375,'S50_4713',8,69.16,49),(10375,'S700_1691',6,86.77,37),(10375,'S700_2466',1,94.73,33),(10375,'S700_2834',10,98.48,25),(10375,'S700_3167',11,69.6,44),(10376,'S12_3380',1,98.65,35),(10377,'S12_3990',5,65.44,24),(10377,'S12_4675',1,112.86,50),(10377,'S18_1129',2,124.56,35),(10377,'S18_1889',4,61.6,31),(10377,'S18_1984',6,125.18,36),(10377,'S18_3232',3,143.94,39),(10378,'S18_1589',5,121.95,34),(10378,'S18_3278',4,66.74,22),(10378,'S18_3482',10,146.99,43),(10378,'S18_3782',9,60.3,28),(10378,'S18_4721',8,122.02,49),(10378,'S24_2972',7,30.59,41),(10378,'S24_3371',6,52.66,46),(10378,'S24_3856',3,129.2,33),(10378,'S24_4620',2,80.84,41),(10378,'S32_2206',1,35.8,40),(10379,'S18_1749',2,156.4,39),(10379,'S18_2248',1,50.85,27),(10379,'S18_2870',5,113.52,29),(10379,'S18_3685',4,134.22,32),(10379,'S24_1628',3,48.8,32),(10380,'S18_1342',13,88.36,27),(10380,'S18_2325',10,119.5,40),(10380,'S18_2795',8,156.94,21),(10380,'S18_4409',1,78.23,32),(10380,'S18_4933',2,66.99,24),(10380,'S24_1046',3,66.88,34),(10380,'S24_1937',4,29.87,32),(10380,'S24_2022',5,37.63,27),(10380,'S24_2766',6,77.24,36),(10380,'S24_2887',7,111.57,44),(10380,'S24_3191',9,77.05,44),(10380,'S24_3432',11,91.02,34),(10380,'S24_3969',12,32.82,43),(10381,'S10_1949',3,182.16,36),(10381,'S10_4962',6,138.88,37),(10381,'S12_1666',1,132.57,20),(10381,'S18_1097',2,114.34,48),(10381,'S18_1367',9,49.6,25),(10381,'S18_2432',7,60.77,35),(10381,'S18_2949',8,100.3,41),(10381,'S18_2957',4,51.22,40),(10381,'S18_3136',5,93.2,35),(10382,'S12_1108',10,166.24,34),(10382,'S12_3148',11,145.04,37),(10382,'S12_3891',12,143.61,34),(10382,'S12_4473',13,103.1,32),(10382,'S18_2238',5,160.46,25),(10382,'S18_3320',7,84.33,50),(10382,'S18_4600',1,115.03,39),(10382,'S18_4668',2,46.29,39),(10382,'S24_2300',3,120.12,20),(10382,'S24_4258',4,97.39,33),(10382,'S32_1268',6,85.72,26),(10382,'S32_3522',8,57.53,48),(10382,'S700_2824',9,101.15,34),(10383,'S18_2319',11,119.05,27),(10383,'S18_3140',9,125.66,24),(10383,'S18_3232',6,155.79,47),(10383,'S18_3259',12,83.7,26),(10383,'S18_4027',1,137.88,38),(10383,'S18_4522',7,77.24,28),(10383,'S24_1444',2,52.6,22),(10383,'S24_2840',3,33.24,40),(10383,'S24_4048',4,117.1,21),(10383,'S32_2509',5,53.57,32),(10383,'S32_3207',8,55.93,44),(10383,'S50_1392',13,94.92,29),(10383,'S50_1514',10,48.62,38),(10384,'S10_4757',4,129.2,34),(10384,'S24_2011',3,114.29,28),(10384,'S24_3151',2,71.69,43),(10384,'S700_1938',1,71.02,49),(10385,'S24_3816',2,78.83,37),(10385,'S700_1138',1,62,25),(10386,'S18_1662',7,130.88,25),(10386,'S18_2581',18,72.65,21),(10386,'S18_3029',5,73.12,37),(10386,'S18_3856',6,100.58,22),(10386,'S24_1785',11,101.76,33),(10386,'S24_2841',1,56.86,39),(10386,'S24_3420',9,54.57,35),(10386,'S24_3949',12,55.96,41),(10386,'S24_4278',8,71.73,50),(10386,'S700_2047',13,85.09,29),(10386,'S700_2466',14,90.75,37),(10386,'S700_2610',10,67.22,37),(10386,'S700_3167',17,68,32),(10386,'S700_3505',2,83.14,45),(10386,'S700_3962',3,80.44,30),(10386,'S700_4002',15,59.22,44),(10386,'S72_1253',16,47.67,50),(10386,'S72_3212',4,52.42,43),(10387,'S32_1374',1,79.91,44),(10388,'S10_1678',4,80.39,42),(10388,'S10_2016',5,118.94,50),(10388,'S10_4698',7,156.86,21),(10388,'S12_2823',6,125.01,44),(10388,'S32_4289',8,58.47,35),(10388,'S50_1341',1,41.02,27),(10388,'S700_1691',2,74.9,46),(10388,'S700_2834',3,111.53,50),(10389,'S12_1099',4,182.9,26),(10389,'S12_3380',6,95.13,25),(10389,'S12_3990',7,76.61,36),(10389,'S12_4675',8,102.49,47),(10389,'S18_1889',3,63.91,49),(10389,'S18_2625',5,52.09,39),(10389,'S24_1578',1,112.7,45),(10389,'S24_2000',2,61.7,49),(10390,'S18_1129',14,117.48,36),(10390,'S18_1984',15,132.29,34),(10390,'S18_2325',16,102.98,31),(10390,'S18_2795',7,162,26),(10390,'S18_3278',9,75.59,40),(10390,'S18_3482',1,135.23,50),(10390,'S18_3782',2,54.09,36),(10390,'S18_4721',3,122.02,49),(10390,'S24_2360',4,67.87,35),(10390,'S24_2972',5,35.87,37),(10390,'S24_3371',6,51.43,46),(10390,'S24_3856',8,134.81,45),(10390,'S24_4620',10,66.29,30),(10390,'S32_2206',11,39.02,41),(10390,'S32_4485',12,101.03,45),(10390,'S50_4713',13,81.36,22),(10391,'S10_1949',4,195.01,24),(10391,'S10_4962',7,121.15,37),(10391,'S12_1666',9,110.7,39),(10391,'S18_1097',10,114.34,29),(10391,'S18_1342',2,102.74,35),(10391,'S18_1367',3,47.44,42),(10391,'S18_2432',5,57.73,44),(10391,'S18_2949',6,99.28,32),(10391,'S24_1937',8,26.55,33),(10391,'S24_2022',1,36.29,24),(10392,'S18_2957',3,61.21,37),(10392,'S18_3136',2,103.67,29),(10392,'S18_3320',1,98.22,36),(10393,'S12_3148',8,145.04,35),(10393,'S12_4473',10,99.54,32),(10393,'S18_2238',11,137.53,20),(10393,'S18_2319',7,104.32,38),(10393,'S18_4600',9,106.55,30),(10393,'S18_4668',1,41.76,44),(10393,'S24_2300',2,112.46,33),(10393,'S24_4258',3,88.62,33),(10393,'S32_1268',4,84.75,38),(10393,'S32_3522',5,63.35,31),(10393,'S700_2824',6,83.95,21),(10394,'S18_3232',5,135.47,22),(10394,'S18_4027',1,124.95,37),(10394,'S24_1444',2,53.18,31),(10394,'S24_2840',6,35.36,46),(10394,'S24_4048',7,104.09,37),(10394,'S32_2509',3,47.08,36),(10394,'S32_3207',4,55.93,30),(10395,'S10_4757',2,125.12,32),(10395,'S12_1108',1,205.72,33),(10395,'S50_1392',4,98.39,46),(10395,'S50_1514',3,57.99,45),(10396,'S12_3891',3,155.72,33),(10396,'S18_3140',2,129.76,33),(10396,'S18_3259',4,91.76,24),(10396,'S18_4522',5,83.38,45),(10396,'S24_2011',6,100.77,49),(10396,'S24_3151',7,77,27),(10396,'S24_3816',8,77.99,37),(10396,'S700_1138',1,62,39),(10397,'S700_1938',5,69.29,32),(10397,'S700_2610',4,62.88,22),(10397,'S700_3505',3,86.15,48),(10397,'S700_3962',2,80.44,36),(10397,'S72_3212',1,52.96,34),(10398,'S18_1662',11,130.88,33),(10398,'S18_2581',15,82.79,34),(10398,'S18_3029',18,70.54,28),(10398,'S18_3856',17,92.11,45),(10398,'S24_1785',16,100.67,43),(10398,'S24_2841',3,60.29,28),(10398,'S24_3420',13,61.15,34),(10398,'S24_3949',2,56.64,41),(10398,'S24_4278',14,65.93,45),(10398,'S32_4289',4,60.54,22),(10398,'S50_1341',5,38.84,49),(10398,'S700_1691',6,78.55,47),(10398,'S700_2047',7,75.13,36),(10398,'S700_2466',8,98.72,22),(10398,'S700_2834',9,102.04,23),(10398,'S700_3167',10,76.8,29),(10398,'S700_4002',12,62.19,36),(10398,'S72_1253',1,41.22,34),(10399,'S10_1678',8,77.52,40),(10399,'S10_2016',7,99.91,51),(10399,'S10_4698',6,156.86,22),(10399,'S12_2823',5,123.51,29),(10399,'S18_2625',4,51.48,30),(10399,'S24_1578',3,104.81,57),(10399,'S24_2000',2,75.41,58),(10399,'S32_1374',1,97.89,32),(10400,'S10_4757',9,134.64,64),(10400,'S18_1662',1,129.31,34),(10400,'S18_3029',7,74.84,30),(10400,'S18_3856',6,88.93,58),(10400,'S24_2841',2,55.49,24),(10400,'S24_3420',3,59.18,38),(10400,'S24_3816',8,74.64,42),(10400,'S700_2047',5,82.37,46),(10400,'S72_1253',4,41.71,20),(10401,'S18_2581',3,75.19,42),(10401,'S24_1785',5,87.54,38),(10401,'S24_3949',12,59.37,64),(10401,'S24_4278',4,65.93,52),(10401,'S32_1374',1,81.91,49),(10401,'S32_4289',6,62.6,62),(10401,'S50_1341',7,41.46,56),(10401,'S700_1691',8,77.64,11),(10401,'S700_2466',10,98.72,85),(10401,'S700_2834',2,96.11,21),(10401,'S700_3167',9,73.6,77),(10401,'S700_4002',11,66.63,40),(10402,'S10_2016',1,118.94,45),(10402,'S18_2625',2,58.15,55),(10402,'S24_2000',3,61.7,59),(10403,'S10_1678',7,85.17,24),(10403,'S10_4698',9,174.29,66),(10403,'S12_2823',6,122,66),(10403,'S18_3782',1,55.33,36),(10403,'S24_1578',8,109.32,46),(10403,'S24_2360',4,57.49,27),(10403,'S32_2206',2,35.8,30),(10403,'S32_4485',5,88.78,45),(10403,'S50_4713',3,65.09,31),(10404,'S12_1099',3,163.44,64),(10404,'S12_3380',1,102.17,43),(10404,'S12_3990',4,67.03,77),(10404,'S18_3278',6,67.54,90),(10404,'S18_3482',5,127.88,28),(10404,'S18_4721',8,124.99,48),(10404,'S24_3371',2,53.27,49),(10404,'S24_4620',7,65.48,48),(10405,'S12_4675',5,115.16,97),(10405,'S18_1889',4,72.38,61),(10405,'S18_3232',1,147.33,55),(10405,'S24_2972',2,37.38,47),(10405,'S24_3856',3,127.79,76),(10406,'S18_1129',3,124.56,61),(10406,'S18_1984',2,133.72,48),(10406,'S18_3685',1,117.26,65),(10407,'S18_1589',11,114.48,59),(10407,'S18_1749',2,141.1,76),(10407,'S18_2248',1,58.12,42),(10407,'S18_2870',12,132,41),(10407,'S18_4409',3,91.11,6),(10407,'S18_4933',4,64.14,66),(10407,'S24_1046',8,68.35,26),(10407,'S24_1628',10,45.78,64),(10407,'S24_2766',6,81.78,76),(10407,'S24_2887',5,98.65,59),(10407,'S24_3191',7,77.05,13),(10407,'S24_3432',9,101.73,43),(10408,'S24_3969',1,41.03,15),(10409,'S18_2325',2,104.25,6),(10409,'S24_1937',1,27.88,61),(10410,'S18_1342',7,99.66,65),(10410,'S18_1367',6,51.21,44),(10410,'S18_2795',8,145.13,56),(10410,'S18_2949',1,93.21,47),(10410,'S18_2957',3,49.97,53),(10410,'S18_3136',2,84.82,34),(10410,'S18_3320',5,81.35,44),(10410,'S24_2022',9,42.56,31),(10410,'S24_4258',4,95.44,50),(10411,'S10_1949',9,205.73,23),(10411,'S10_4962',2,144.79,27),(10411,'S12_1666',6,110.7,40),(10411,'S18_1097',8,109.67,27),(10411,'S18_4600',3,106.55,46),(10411,'S18_4668',7,41.25,35),(10411,'S32_1268',1,78.01,26),(10411,'S32_3522',5,60.76,27),(10411,'S700_2824',4,89.01,34),(10412,'S12_4473',5,100.73,54),(10412,'S18_2238',4,150.63,41),(10412,'S18_2319',8,120.28,56),(10412,'S18_2432',11,49.83,47),(10412,'S18_3232',9,157.49,60),(10412,'S24_1444',2,47.4,21),(10412,'S24_2300',10,109.9,70),(10412,'S24_2840',6,32.88,30),(10412,'S24_4048',1,108.82,31),(10412,'S32_2509',7,50.86,19),(10412,'S50_1392',3,105.33,26),(10413,'S12_1108',2,201.57,36),(10413,'S12_3148',3,145.04,47),(10413,'S12_3891',1,173.02,22),(10413,'S18_4027',5,133.57,49),(10413,'S32_3207',6,56.55,24),(10413,'S50_1514',4,53.31,51),(10414,'S10_4757',3,114.24,49),(10414,'S18_3029',1,77.42,44),(10414,'S18_3140',12,128.39,41),(10414,'S18_3259',14,85.71,48),(10414,'S18_4522',11,83.38,56),(10414,'S24_2011',10,108.14,43),(10414,'S24_3151',5,72.58,60),(10414,'S24_3816',2,72.96,51),(10414,'S700_1138',6,62,37),(10414,'S700_1938',13,74.48,34),(10414,'S700_2610',4,61.44,31),(10414,'S700_3505',7,84.14,28),(10414,'S700_3962',8,84.41,40),(10414,'S72_3212',9,54.6,47),(10415,'S18_3856',5,86.81,51),(10415,'S24_2841',1,60.97,21),(10415,'S24_3420',2,59.83,18),(10415,'S700_2047',4,73.32,32),(10415,'S72_1253',3,43.2,42),(10416,'S18_1662',14,129.31,24),(10416,'S18_2581',4,70.96,15),(10416,'S24_1785',6,90.82,47),(10416,'S24_2000',1,62.46,32),(10416,'S24_3949',13,64.83,18),(10416,'S24_4278',5,70.28,48),(10416,'S32_1374',2,86.9,45),(10416,'S32_4289',7,68.1,26),(10416,'S50_1341',8,39.71,37),(10416,'S700_1691',9,88.6,23),(10416,'S700_2466',11,84.76,22),(10416,'S700_2834',3,98.48,41),(10416,'S700_3167',10,65.6,39),(10416,'S700_4002',12,63.67,43),(10417,'S10_1678',2,79.43,66),(10417,'S10_2016',5,116.56,45),(10417,'S10_4698',4,162.67,56),(10417,'S12_2823',1,144.6,21),(10417,'S18_2625',6,58.75,36),(10417,'S24_1578',3,109.32,35),(10418,'S18_3278',2,70.76,16),(10418,'S18_3482',1,139.64,27),(10418,'S18_3782',5,56.57,33),(10418,'S18_4721',4,120.53,28),(10418,'S24_2360',8,64.41,52),(10418,'S24_4620',3,66.29,10),(10418,'S32_2206',6,36.61,43),(10418,'S32_4485',9,100.01,50),(10418,'S50_4713',7,72.41,40),(10419,'S12_1099',13,182.9,12),(10419,'S12_3380',11,111.57,10),(10419,'S12_3990',14,64.64,34),(10419,'S12_4675',10,99.04,32),(10419,'S18_1129',5,117.48,38),(10419,'S18_1589',1,100.8,37),(10419,'S18_1889',9,67.76,39),(10419,'S18_1984',4,133.72,34),(10419,'S18_2870',2,116.16,55),(10419,'S18_3232',6,165.95,35),(10419,'S18_3685',3,114.44,43),(10419,'S24_2972',7,32.1,15),(10419,'S24_3371',12,52.66,55),(10419,'S24_3856',8,112.34,70),(10420,'S18_1749',5,153,37),(10420,'S18_2248',4,52.06,36),(10420,'S18_2325',2,116.96,45),(10420,'S18_4409',6,73.62,66),(10420,'S18_4933',7,68.42,36),(10420,'S24_1046',11,60.26,60),(10420,'S24_1628',13,48.8,37),(10420,'S24_1937',1,32.19,45),(10420,'S24_2766',9,76.33,39),(10420,'S24_2887',8,115.09,55),(10420,'S24_3191',10,77.05,35),(10420,'S24_3432',12,104.94,26),(10420,'S24_3969',3,35.29,15),(10421,'S18_2795',1,167.06,35),(10421,'S24_2022',2,44.8,40),(10422,'S18_1342',2,91.44,51),(10422,'S18_1367',1,47.44,25),(10423,'S18_2949',1,89.15,10),(10423,'S18_2957',3,56.21,31),(10423,'S18_3136',2,98.44,21),(10423,'S18_3320',5,80.36,21),(10423,'S24_4258',4,78.89,28),(10424,'S10_1949',6,201.44,50),(10424,'S12_1666',3,121.64,49),(10424,'S18_1097',5,108.5,54),(10424,'S18_4668',4,40.25,26),(10424,'S32_3522',2,54.94,44),(10424,'S700_2824',1,85.98,46),(10425,'S10_4962',12,131.49,38),(10425,'S12_4473',4,95.99,33),(10425,'S18_2238',3,147.36,28),(10425,'S18_2319',7,117.82,38),(10425,'S18_2432',10,48.62,19),(10425,'S18_3232',8,140.55,28),(10425,'S18_4600',13,107.76,38),(10425,'S24_1444',1,53.75,55),(10425,'S24_2300',9,127.79,49),(10425,'S24_2840',5,31.82,31),(10425,'S32_1268',11,83.79,41),(10425,'S32_2509',6,50.32,11),(10425,'S50_1392',2,94.92,18);







/*!40103 SET TIME_ZONE=@OLD_TIME_ZONE */;

/*!40101 SET SQL_MODE=@OLD_SQL_MODE */;
/*!40014 SET FOREIGN_KEY_CHECKS=@OLD_FOREIGN_KEY_CHECKS */;
/*!40014 SET UNIQUE_CHECKS=@OLD_UNIQUE_CHECKS */;
/*!40101 SET CHARACTER_SET_CLIENT=@OLD_CHARACTER_SET_CLIENT */;
/*!40101 SET CHARACTER_SET_RESULTS=@OLD_CHARACTER_SET_RESULTS */;
/*!40101 SET COLLATION_CONNECTION=@OLD_COLLATION_CONNECTION */;
/*!40111 SET SQL_NOTES=@OLD_SQL_NOTES */;

-- Dump completed
